Customer_ID,Signup_Date,Signup_Month,Plan,Monthly_Fee,Region,Acquisition_Channel,Onboarding_Status,AutoPay,Discount_%,Avg_Monthly_Usage_Score,Support_Tickets,Status,Churn_Date,Churn_Reason,Customer_Lifetime_Months,Estimated_Revenue
C1001,2025-01-22,2025-01-01,Basic,19,South Africa,Referral,Completed,Yes,0,40.9,2,Churned,2025-01-18,Price too high,1,19.0
C1002,2025-01-19,2025-01-01,Standard,49,Kenya,Organic Search,Partial,Yes,0,35.4,1,Churned,2025-07-25,Missing features,7,343.0
C1003,2025-01-20,2025-01-01,Basic,19,South Africa,Social Media,Completed,Yes,30,79.7,2,Churned,2025-10-27,Poor onboarding,10,133.0
C1004,2025-01-03,2025-01-01,Premium,99,Nigeria,Organic Search,Completed,Yes,0,75.3,1,Churned,2025-09-15,Poor onboarding,9,891.0
C1005,2025-01-09,2025-01-01,Basic,19,Nigeria,Organic Search,Completed,Yes,10,47.7,1,Churned,2026-03-13,Low usage,15,256.5
C1006,2025-01-11,2025-01-01,Premium,99,Kenya,Organic Search,Completed,Yes,0,43.9,2,Active,,,16,1584.0
C1007,2025-01-11,2025-01-01,Basic,19,United States,Social Media,Partial,Yes,0,18.0,2,Churned,2025-09-24,Missing features,9,171.0
C1008,2025-01-05,2025-01-01,Premium,99,Nigeria,Organic Search,Completed,Yes,10,90.6,0,Active,,,16,1425.6
C1009,2025-01-15,2025-01-01,Basic,19,South Africa,Paid Ads,Partial,Yes,10,43.5,0,Active,,,16,273.6
C1010,2025-01-04,2025-01-01,Standard,49,South Africa,Referral,Completed,No,10,49.3,1,Active,,,16,705.6
C1011,2025-01-21,2025-01-01,Standard,49,Nigeria,Organic Search,Completed,Yes,20,68.2,1,Active,,,16,627.2
C1012,2025-01-11,2025-01-01,Premium,99,Kenya,Organic Search,Completed,No,20,94.5,0,Active,,,16,1267.2
C1013,2025-01-24,2025-01-01,Basic,19,Kenya,Organic Search,Partial,No,0,44.6,1,Churned,2025-06-09,Poor onboarding,6,114.0
C1014,2025-01-25,2025-01-01,Standard,49,United States,Partner,Completed,No,10,58.6,1,Active,,,16,705.6
C1015,2025-01-11,2025-01-01,Standard,49,South Africa,Organic Search,Completed,Yes,10,46.0,3,Churned,2025-03-02,Competitor switch,3,132.3
C1016,2025-01-07,2025-01-01,Basic,19,South Africa,Referral,Partial,Yes,0,47.0,0,Active,,,16,304.0
C1017,2025-01-12,2025-01-01,Basic,19,South Africa,Referral,Partial,Yes,30,37.0,0,Churned,2026-01-24,Missing features,13,172.9
C1018,2025-01-15,2025-01-01,Premium,99,South Africa,Organic Search,Completed,No,0,79.3,1,Active,,,16,1584.0
C1019,2025-01-18,2025-01-01,Premium,99,South Africa,Referral,Not Started,No,0,78.8,2,Active,,,16,1584.0
C1020,2025-01-13,2025-01-01,Basic,19,Nigeria,Organic Search,Not Started,No,0,3.3,3,Churned,2026-04-05,Low usage,16,304.0
C1021,2025-01-02,2025-01-01,Basic,19,South Africa,Referral,Completed,Yes,20,44.2,2,Churned,2025-03-28,Price too high,3,45.6
C1022,2025-01-04,2025-01-01,Standard,49,Kenya,Organic Search,Completed,Yes,0,51.8,3,Active,,,16,784.0
C1023,2025-01-22,2025-01-01,Standard,49,Nigeria,Organic Search,Completed,Yes,0,49.6,1,Active,,,16,784.0
C1024,2025-01-19,2025-01-01,Standard,49,South Africa,Paid Ads,Completed,Yes,30,45.0,2,Active,,,16,548.8
C1025,2025-01-27,2025-01-01,Premium,99,Nigeria,Organic Search,Not Started,No,10,69.8,0,Active,,,16,1425.6
C1026,2025-01-05,2025-01-01,Standard,49,United States,Organic Search,Partial,Yes,0,53.9,1,Churned,2025-11-07,Poor onboarding,11,539.0
C1027,2025-01-28,2025-01-01,Premium,99,Nigeria,Organic Search,Partial,Yes,0,100,2,Churned,2025-09-06,Poor onboarding,9,891.0
C1028,2025-01-03,2025-01-01,Standard,49,Nigeria,Organic Search,Completed,Yes,0,66.0,3,Active,,,16,784.0
C1029,2025-01-26,2025-01-01,Basic,19,South Africa,Paid Ads,Completed,No,10,34.7,2,Churned,2026-02-20,Poor onboarding,14,239.4
C1030,2025-01-26,2025-01-01,Premium,99,South Africa,Organic Search,Completed,No,0,69.1,2,Active,,,16,1584.0
C1031,2025-01-09,2025-01-01,Premium,99,United States,Social Media,Completed,Yes,10,35.5,2,Active,,,16,1425.6
C1032,2025-01-28,2025-01-01,Premium,99,Nigeria,Social Media,Completed,Yes,20,93.5,1,Active,,,16,1267.2
C1033,2025-01-27,2025-01-01,Basic,19,Kenya,Paid Ads,Completed,No,0,47.9,0,Active,,,16,304.0
C1034,2025-01-24,2025-01-01,Basic,19,South Africa,Paid Ads,Not Started,Yes,20,34.4,2,Churned,2025-02-23,Missing features,2,30.4
C1035,2025-01-24,2025-01-01,Standard,49,United Kingdom,Referral,Completed,No,30,39.2,1,Active,,,16,548.8
C1036,2025-02-17,2025-02-01,Standard,49,South Africa,Social Media,Completed,Yes,0,51.3,2,Active,,,15,735.0
C1037,2025-02-20,2025-02-01,Enterprise,249,Kenya,Social Media,Partial,Yes,0,61.3,0,Active,,,15,3735.0
C1038,2025-02-22,2025-02-01,Standard,49,Nigeria,Paid Ads,Partial,No,0,62.6,2,Churned,2025-10-22,Poor onboarding,9,441.0
C1039,2025-02-22,2025-02-01,Basic,19,United Kingdom,Referral,Completed,Yes,30,31.9,4,Active,,,15,199.5
C1040,2025-02-19,2025-02-01,Standard,49,Nigeria,Social Media,Completed,Yes,10,67.5,3,Churned,2026-02-28,Competitor switch,13,573.3
C1041,2025-02-23,2025-02-01,Basic,19,Nigeria,Organic Search,Completed,No,0,38.3,2,Active,,,15,285.0
C1042,2025-02-25,2025-02-01,Standard,49,United States,Referral,Partial,Yes,20,77.2,0,Active,,,15,588.0
C1043,2025-02-09,2025-02-01,Premium,99,United Kingdom,Paid Ads,Completed,No,10,70.4,0,Active,,,15,1336.5
C1044,2025-02-11,2025-02-01,Standard,49,United Kingdom,Organic Search,Completed,Yes,10,48.5,2,Active,,,15,661.5
C1045,2025-02-14,2025-02-01,Basic,19,Nigeria,Paid Ads,Completed,No,30,75.5,2,Churned,2026-04-25,Missing features,15,199.5
C1046,2025-02-13,2025-02-01,Standard,49,United States,Organic Search,Completed,No,10,85.0,0,Active,,,15,661.5
C1047,2025-02-01,2025-02-01,Basic,19,South Africa,Paid Ads,Partial,No,20,23.5,3,Active,,,15,228.0
C1048,2025-02-19,2025-02-01,Enterprise,249,Kenya,Social Media,Completed,Yes,10,74.1,0,Churned,2025-08-11,Price too high,7,1568.7
C1049,2025-02-25,2025-02-01,Basic,19,United Kingdom,Paid Ads,Partial,Yes,20,62.0,1,Churned,2025-07-08,Poor onboarding,6,91.2
C1050,2025-02-08,2025-02-01,Premium,99,Kenya,Referral,Completed,Yes,10,71.1,1,Active,,,15,1336.5
C1051,2025-02-06,2025-02-01,Basic,19,United Kingdom,Referral,Partial,No,0,7.5,0,Churned,2025-11-01,Payment issues,10,190.0
C1052,2025-02-23,2025-02-01,Standard,49,United States,Paid Ads,Partial,Yes,10,65.7,3,Churned,2025-12-20,Competitor switch,11,485.1
C1053,2025-02-18,2025-02-01,Premium,99,Kenya,Organic Search,Completed,Yes,20,54.4,1,Active,,,15,1188.0
C1054,2025-02-27,2025-02-01,Basic,19,United States,Referral,Completed,Yes,10,34.0,2,Active,,,15,256.5
C1055,2025-02-27,2025-02-01,Premium,99,United Kingdom,Paid Ads,Partial,No,0,68.3,0,Active,,,15,1485.0
C1056,2025-02-13,2025-02-01,Basic,19,Nigeria,Referral,Completed,Yes,0,33.1,3,Churned,2025-06-20,Poor onboarding,5,95.0
C1057,2025-02-03,2025-02-01,Basic,19,South Africa,Partner,Completed,Yes,10,45.0,3,Active,,,15,256.5
C1058,2025-02-13,2025-02-01,Standard,49,South Africa,Organic Search,Completed,Yes,10,52.5,0,Active,,,15,661.5
C1059,2025-02-09,2025-02-01,Standard,49,Nigeria,Referral,Partial,Yes,20,53.5,2,Active,,,15,588.0
C1060,2025-02-09,2025-02-01,Standard,49,South Africa,Referral,Completed,Yes,0,50.2,0,Churned,2025-05-12,Price too high,4,196.0
C1061,2025-02-02,2025-02-01,Basic,19,Kenya,Organic Search,Completed,No,10,17.7,1,Active,,,15,256.5
C1062,2025-02-06,2025-02-01,Standard,49,Nigeria,Paid Ads,Partial,Yes,0,71.4,1,Active,,,15,735.0
C1063,2025-02-26,2025-02-01,Standard,49,Kenya,Organic Search,Not Started,Yes,20,43.9,1,Active,,,15,588.0
C1064,2025-02-15,2025-02-01,Premium,99,South Africa,Paid Ads,Completed,Yes,10,82.7,0,Churned,2026-01-04,Payment issues,12,1069.2
C1065,2025-02-06,2025-02-01,Basic,19,South Africa,Referral,Completed,Yes,10,45.5,3,Active,,,15,256.5
C1066,2025-02-28,2025-02-01,Basic,19,South Africa,Organic Search,Not Started,No,10,17.7,2,Churned,2026-04-07,Low usage,15,256.5
C1067,2025-02-27,2025-02-01,Standard,49,Kenya,Social Media,Partial,Yes,20,62.0,1,Active,,,15,588.0
C1068,2025-02-13,2025-02-01,Standard,49,Nigeria,Organic Search,Completed,Yes,0,77.8,1,Active,,,15,735.0
C1069,2025-03-19,2025-03-01,Basic,19,United States,Social Media,Partial,No,10,56.3,1,Active,,,14,239.4
C1070,2025-03-09,2025-03-01,Basic,19,Nigeria,Paid Ads,Completed,Yes,0,42.1,2,Churned,2025-08-11,Poor onboarding,6,114.0
C1071,2025-03-10,2025-03-01,Premium,99,Nigeria,Referral,Partial,Yes,0,91.7,0,Active,,,14,1386.0
C1072,2025-03-27,2025-03-01,Basic,19,United Kingdom,Social Media,Completed,Yes,0,28.5,3,Churned,2026-03-16,Missing features,13,247.0
C1073,2025-03-10,2025-03-01,Standard,49,South Africa,Paid Ads,Completed,No,10,56.0,0,Churned,2025-05-10,Missing features,3,132.3
C1074,2025-03-04,2025-03-01,Standard,49,South Africa,Partner,Partial,Yes,10,68.6,1,Active,,,14,617.4
C1075,2025-03-08,2025-03-01,Basic,19,United States,Partner,Completed,Yes,20,46.2,1,Churned,2025-04-09,Competitor switch,2,30.4
C1076,2025-03-09,2025-03-01,Premium,99,Nigeria,Social Media,Completed,Yes,30,72.7,1,Active,,,14,970.2
C1077,2025-03-18,2025-03-01,Basic,19,Kenya,Paid Ads,Not Started,No,30,30.7,2,Churned,2025-09-08,Payment issues,7,93.1
C1078,2025-03-26,2025-03-01,Basic,19,Nigeria,Paid Ads,Partial,Yes,0,26.5,0,Active,,,14,266.0
C1079,2025-03-04,2025-03-01,Basic,19,United States,Organic Search,Completed,Yes,10,80.5,3,Active,,,14,239.4
C1080,2025-03-09,2025-03-01,Standard,49,South Africa,Paid Ads,Completed,No,20,44.2,0,Active,,,14,548.8
C1081,2025-03-25,2025-03-01,Basic,19,Nigeria,Referral,Completed,Yes,10,67.5,0,Active,,,14,239.4
C1082,2025-03-25,2025-03-01,Basic,19,South Africa,Partner,Completed,No,20,45.7,0,Churned,2026-03-02,Low usage,13,197.6
C1083,2025-03-19,2025-03-01,Basic,19,South Africa,Paid Ads,Completed,Yes,0,16.8,1,Active,,,14,266.0
C1084,2025-03-21,2025-03-01,Standard,49,Kenya,Organic Search,Completed,No,20,47.7,1,Active,,,14,548.8
C1085,2025-03-19,2025-03-01,Basic,19,Nigeria,Paid Ads,Partial,Yes,0,57.8,1,Active,,,14,266.0
C1086,2025-03-12,2025-03-01,Premium,99,South Africa,Paid Ads,Completed,No,10,100,0,Active,,,14,1247.4
C1087,2025-03-02,2025-03-01,Standard,49,Kenya,Referral,Partial,No,20,32.4,3,Churned,2026-03-12,Low usage,13,509.6
C1088,2025-03-25,2025-03-01,Basic,19,South Africa,Referral,Completed,No,10,28.1,0,Churned,2025-10-02,Missing features,8,136.8
C1089,2025-03-24,2025-03-01,Standard,49,South Africa,Organic Search,Partial,No,0,29.1,0,Churned,2025-07-27,Low usage,5,245.0
C1090,2025-03-10,2025-03-01,Premium,99,United States,Partner,Completed,No,0,76.1,1,Active,,,14,1386.0
C1091,2025-03-28,2025-03-01,Premium,99,United Kingdom,Partner,Partial,Yes,10,53.6,1,Active,,,14,1247.4
C1092,2025-03-27,2025-03-01,Standard,49,Kenya,Paid Ads,Partial,Yes,10,41.8,0,Active,,,14,617.4
C1093,2025-03-21,2025-03-01,Basic,19,Kenya,Referral,Completed,Yes,0,30.7,3,Active,,,14,266.0
C1094,2025-03-18,2025-03-01,Basic,19,Nigeria,Organic Search,Partial,No,30,8.7,2,Churned,2026-02-24,Low usage,12,159.6
C1095,2025-03-14,2025-03-01,Basic,19,South Africa,Paid Ads,Partial,Yes,0,58.9,3,Churned,2025-08-04,No longer needed,6,114.0
C1096,2025-03-02,2025-03-01,Basic,19,United States,Referral,Completed,No,0,38.6,1,Active,,,14,266.0
C1097,2025-03-26,2025-03-01,Standard,49,Kenya,Organic Search,Partial,Yes,20,65.0,0,Active,,,14,548.8
C1098,2025-03-25,2025-03-01,Standard,49,United Kingdom,Organic Search,Completed,No,0,100,3,Churned,2025-07-26,Price too high,5,245.0
C1099,2025-03-26,2025-03-01,Standard,49,South Africa,Organic Search,Completed,Yes,0,88.9,1,Active,,,14,686.0
C1100,2025-03-12,2025-03-01,Basic,19,South Africa,Paid Ads,Completed,No,0,20.7,1,Active,,,14,266.0
C1101,2025-03-01,2025-03-01,Premium,99,Kenya,Paid Ads,Completed,No,10,69.3,2,Active,,,14,1247.4
C1102,2025-03-03,2025-03-01,Basic,19,South Africa,Referral,Completed,No,0,51.7,3,Active,,,14,266.0
C1103,2025-03-26,2025-03-01,Basic,19,Nigeria,Paid Ads,Completed,No,10,61.9,1,Churned,2025-10-08,Low usage,8,136.8
C1104,2025-03-11,2025-03-01,Premium,99,Nigeria,Referral,Completed,Yes,30,36.4,0,Churned,2026-04-03,Price too high,14,970.2
C1105,2025-03-18,2025-03-01,Basic,19,United Kingdom,Social Media,Completed,Yes,0,55.8,4,Active,,,14,266.0
C1106,2025-04-02,2025-04-01,Enterprise,249,Nigeria,Social Media,Completed,Yes,0,100,0,Active,,,13,3237.0
C1107,2025-04-12,2025-04-01,Basic,19,South Africa,Social Media,Completed,Yes,10,54.9,2,Active,,,13,222.3
C1108,2025-04-20,2025-04-01,Standard,49,Kenya,Paid Ads,Completed,Yes,10,88.5,0,Active,,,13,573.3
C1109,2025-04-19,2025-04-01,Basic,19,South Africa,Social Media,Partial,No,0,40.2,1,Active,,,13,247.0
C1110,2025-04-10,2025-04-01,Basic,19,Nigeria,Organic Search,Completed,Yes,0,38.5,0,Churned,2026-01-02,Poor onboarding,10,190.0
C1111,2025-04-15,2025-04-01,Basic,19,Kenya,Paid Ads,Completed,Yes,0,33.2,2,Active,,,13,247.0
C1112,2025-04-08,2025-04-01,Standard,49,Kenya,Organic Search,Completed,Yes,0,38.7,2,Churned,2025-08-10,Low usage,5,245.0
C1113,2025-04-13,2025-04-01,Basic,19,United Kingdom,Organic Search,Completed,Yes,0,31.3,1,Churned,2026-03-02,Low usage,12,228.0
C1114,2025-04-14,2025-04-01,Standard,49,South Africa,Organic Search,Completed,Yes,0,32.7,0,Churned,2026-04-20,Missing features,13,637.0
C1115,2025-04-04,2025-04-01,Standard,49,Nigeria,Paid Ads,Completed,Yes,0,59.0,3,Active,,,13,637.0
C1116,2025-04-04,2025-04-01,Basic,19,South Africa,Paid Ads,Partial,Yes,30,32.4,1,Active,,,13,172.9
C1117,2025-04-06,2025-04-01,Basic,19,South Africa,Organic Search,Completed,Yes,20,19.7,0,Active,,,13,197.6
C1118,2025-04-19,2025-04-01,Standard,49,United Kingdom,Paid Ads,Completed,No,0,25.1,0,Churned,2025-11-15,Missing features,8,392.0
C1119,2025-04-03,2025-04-01,Premium,99,Kenya,Paid Ads,Completed,No,0,62.7,2,Active,,,13,1287.0
C1120,2025-04-15,2025-04-01,Premium,99,Kenya,Paid Ads,Partial,Yes,20,30.9,0,Active,,,13,1029.6
C1121,2025-04-02,2025-04-01,Basic,19,Kenya,Paid Ads,Partial,No,0,12.7,2,Churned,2025-04-08,Poor onboarding,1,19.0
C1122,2025-04-12,2025-04-01,Enterprise,249,Kenya,Referral,Completed,Yes,10,67.8,1,Active,,,13,2913.3
C1123,2025-04-22,2025-04-01,Standard,49,South Africa,Organic Search,Partial,No,10,47.6,2,Churned,2025-05-19,Poor onboarding,2,88.2
C1124,2025-04-22,2025-04-01,Premium,99,Nigeria,Referral,Not Started,Yes,0,51.2,2,Active,,,13,1287.0
C1125,2025-04-24,2025-04-01,Premium,99,Kenya,Social Media,Completed,Yes,10,100,1,Churned,2025-08-06,No longer needed,5,445.5
C1126,2025-04-05,2025-04-01,Basic,19,United Kingdom,Organic Search,Partial,Yes,10,52.5,2,Active,,,13,222.3
C1127,2025-04-20,2025-04-01,Standard,49,Kenya,Social Media,Completed,No,20,69.9,2,Active,,,13,509.6
C1128,2025-04-22,2025-04-01,Basic,19,Nigeria,Paid Ads,Completed,No,20,35.0,0,Churned,2025-07-10,No longer needed,4,60.8
C1129,2025-04-22,2025-04-01,Premium,99,United States,Organic Search,Completed,Yes,0,100,0,Active,,,13,1287.0
C1130,2025-04-05,2025-04-01,Enterprise,249,United Kingdom,Social Media,Completed,Yes,30,82.1,0,Active,,,13,2265.9
C1131,2025-04-06,2025-04-01,Standard,49,South Africa,Organic Search,Completed,Yes,30,52.4,4,Churned,2025-11-12,Payment issues,8,274.4
C1132,2025-04-13,2025-04-01,Basic,19,Nigeria,Paid Ads,Completed,No,20,61.4,2,Active,,,13,197.6
C1133,2025-04-27,2025-04-01,Premium,99,South Africa,Organic Search,Partial,Yes,10,36.6,1,Active,,,13,1158.3
C1134,2025-04-24,2025-04-01,Basic,19,South Africa,Organic Search,Partial,Yes,0,29.4,1,Churned,2026-02-26,Missing features,11,209.0
C1135,2025-04-18,2025-04-01,Basic,19,United States,Paid Ads,Completed,Yes,0,65.6,2,Active,,,13,247.0
C1136,2025-04-03,2025-04-01,Basic,19,Nigeria,Referral,Not Started,Yes,20,27.2,1,Churned,2025-04-13,Payment issues,1,15.2
C1137,2025-04-24,2025-04-01,Basic,19,Nigeria,Paid Ads,Completed,No,10,75.6,2,Active,,,13,222.3
C1138,2025-04-18,2025-04-01,Standard,49,Nigeria,Organic Search,Partial,No,30,44.4,3,Active,,,13,445.9
C1139,2025-04-15,2025-04-01,Basic,19,South Africa,Referral,Partial,No,0,55.8,2,Churned,2025-10-27,Poor onboarding,7,133.0
C1140,2025-04-12,2025-04-01,Basic,19,United Kingdom,Organic Search,Completed,Yes,20,47.6,1,Active,,,13,197.6
C1141,2025-04-11,2025-04-01,Basic,19,Nigeria,Partner,Completed,No,10,64.8,1,Active,,,13,222.3
C1142,2025-04-27,2025-04-01,Standard,49,South Africa,Referral,Completed,Yes,0,64.4,2,Active,,,13,637.0
C1143,2025-04-15,2025-04-01,Standard,49,South Africa,Paid Ads,Completed,No,0,93.1,2,Active,,,13,637.0
C1144,2025-04-12,2025-04-01,Enterprise,249,South Africa,Referral,Completed,Yes,20,48.1,0,Active,,,13,2589.6
C1145,2025-04-21,2025-04-01,Standard,49,South Africa,Organic Search,Completed,Yes,10,46.2,2,Active,,,13,573.3
C1146,2025-04-17,2025-04-01,Basic,19,United Kingdom,Paid Ads,Completed,No,0,33.5,2,Churned,2025-12-13,Payment issues,9,171.0
C1147,2025-04-07,2025-04-01,Basic,19,United Kingdom,Referral,Not Started,Yes,0,58.8,2,Active,,,13,247.0
C1148,2025-04-03,2025-04-01,Standard,49,United States,Paid Ads,Not Started,Yes,10,75.5,0,Active,,,13,573.3
C1149,2025-04-23,2025-04-01,Basic,19,South Africa,Organic Search,Partial,Yes,0,67.0,1,Churned,2025-06-08,Competitor switch,3,57.0
C1150,2025-04-26,2025-04-01,Basic,19,Kenya,Paid Ads,Partial,Yes,0,53.4,2,Active,,,13,247.0
C1151,2025-04-19,2025-04-01,Standard,49,Nigeria,Paid Ads,Completed,Yes,10,100,3,Active,,,13,573.3
C1152,2025-04-06,2025-04-01,Premium,99,United Kingdom,Referral,Completed,No,20,71.1,0,Active,,,13,1029.6
C1153,2025-04-08,2025-04-01,Basic,19,South Africa,Partner,Partial,No,0,19.7,4,Churned,2025-12-09,Low usage,9,171.0
C1154,2025-04-06,2025-04-01,Basic,19,Kenya,Paid Ads,Completed,Yes,20,24.1,1,Churned,2026-01-02,Competitor switch,10,152.0
C1155,2025-05-25,2025-05-01,Standard,49,Kenya,Referral,Completed,No,10,59.0,0,Active,,,12,529.2
C1156,2025-05-13,2025-05-01,Basic,19,South Africa,Social Media,Completed,Yes,10,33.1,1,Churned,2026-02-05,Low usage,10,171.0
C1157,2025-05-13,2025-05-01,Standard,49,United Kingdom,Social Media,Completed,Yes,10,64.7,2,Active,,,12,529.2
C1158,2025-05-13,2025-05-01,Basic,19,South Africa,Organic Search,Not Started,No,20,56.7,2,Active,,,12,182.4
C1159,2025-05-17,2025-05-01,Standard,49,South Africa,Organic Search,Completed,Yes,0,43.9,0,Active,,,12,588.0
C1160,2025-05-10,2025-05-01,Basic,19,Kenya,Organic Search,Completed,Yes,10,51.7,0,Active,,,12,205.2
C1161,2025-05-25,2025-05-01,Standard,49,United States,Referral,Completed,Yes,0,59.2,1,Active,,,12,588.0
C1162,2025-05-27,2025-05-01,Basic,19,Nigeria,Paid Ads,Completed,No,0,47.1,3,Active,,,12,228.0
C1163,2025-05-07,2025-05-01,Basic,19,United States,Referral,Completed,Yes,10,42.1,1,Active,,,12,205.2
C1164,2025-05-05,2025-05-01,Standard,49,South Africa,Social Media,Completed,No,10,47.1,0,Active,,,12,529.2
C1165,2025-05-23,2025-05-01,Basic,19,United Kingdom,Paid Ads,Completed,Yes,0,65.9,0,Active,,,12,228.0
C1166,2025-05-21,2025-05-01,Basic,19,United States,Social Media,Not Started,No,20,36.1,3,Active,,,12,182.4
C1167,2025-05-21,2025-05-01,Standard,49,Kenya,Organic Search,Completed,No,0,61.4,1,Active,,,12,588.0
C1168,2025-05-14,2025-05-01,Standard,49,South Africa,Paid Ads,Completed,No,30,27.4,2,Active,,,12,411.6
C1169,2025-05-07,2025-05-01,Standard,49,South Africa,Organic Search,Completed,Yes,30,80.4,0,Active,,,12,411.6
C1170,2025-05-28,2025-05-01,Standard,49,Kenya,Referral,Partial,Yes,0,34.2,1,Churned,2026-01-10,Low usage,9,441.0
C1171,2025-05-07,2025-05-01,Enterprise,249,South Africa,Organic Search,Completed,Yes,30,52.6,0,Active,,,12,2091.6
C1172,2025-05-13,2025-05-01,Basic,19,Kenya,Paid Ads,Partial,Yes,0,24.6,3,Active,,,12,228.0
C1173,2025-05-16,2025-05-01,Basic,19,Nigeria,Organic Search,Completed,Yes,0,3.3,2,Churned,2026-04-19,Low usage,12,228.0
C1174,2025-05-08,2025-05-01,Basic,19,United States,Organic Search,Partial,Yes,20,76.9,3,Churned,2026-01-06,Missing features,9,136.8
C1175,2025-05-07,2025-05-01,Premium,99,United States,Paid Ads,Completed,Yes,20,76.0,1,Active,,,12,950.4
C1176,2025-05-02,2025-05-01,Basic,19,United Kingdom,Social Media,Partial,Yes,20,29.2,2,Active,,,12,182.4
C1177,2025-05-28,2025-05-01,Basic,19,Nigeria,Partner,Completed,Yes,0,38.2,4,Active,,,12,228.0
C1178,2025-05-16,2025-05-01,Basic,19,United States,Paid Ads,Completed,Yes,20,27.5,2,Churned,2026-04-15,Poor onboarding,12,182.4
C1179,2025-05-10,2025-05-01,Standard,49,South Africa,Organic Search,Completed,No,20,51.8,0,Active,,,12,470.4
C1180,2025-05-06,2025-05-01,Standard,49,South Africa,Referral,Not Started,Yes,0,45.5,2,Active,,,12,588.0
C1181,2025-05-19,2025-05-01,Basic,19,Nigeria,Paid Ads,Partial,Yes,0,41.6,3,Churned,2025-11-22,Poor onboarding,7,133.0
C1182,2025-05-04,2025-05-01,Premium,99,United Kingdom,Organic Search,Completed,Yes,30,71.9,0,Active,,,12,831.6
C1183,2025-05-23,2025-05-01,Standard,49,United States,Paid Ads,Completed,Yes,0,25.3,0,Churned,2026-02-28,Poor onboarding,10,490.0
C1184,2025-05-19,2025-05-01,Standard,49,Kenya,Paid Ads,Partial,Yes,10,51.8,3,Churned,2026-01-15,Price too high,9,396.9
C1185,2025-05-17,2025-05-01,Basic,19,Kenya,Organic Search,Completed,Yes,10,65.9,1,Active,,,12,205.2
C1186,2025-05-09,2025-05-01,Standard,49,South Africa,Organic Search,Completed,Yes,0,60.0,2,Churned,2025-05-03,No longer needed,1,49.0
C1187,2025-05-05,2025-05-01,Standard,49,South Africa,Organic Search,Completed,Yes,30,30.8,1,Active,,,12,411.6
C1188,2025-05-22,2025-05-01,Premium,99,United States,Paid Ads,Completed,No,0,20.4,3,Active,,,12,1188.0
C1189,2025-05-27,2025-05-01,Basic,19,South Africa,Partner,Completed,Yes,10,35.8,2,Active,,,12,205.2
C1190,2025-05-09,2025-05-01,Premium,99,South Africa,Paid Ads,Partial,Yes,10,70.1,2,Active,,,12,1069.2
C1191,2025-05-03,2025-05-01,Premium,99,United States,Organic Search,Completed,No,0,100,1,Active,,,12,1188.0
C1192,2025-05-28,2025-05-01,Basic,19,South Africa,Organic Search,Not Started,Yes,20,46.8,2,Active,,,12,182.4
C1193,2025-05-08,2025-05-01,Standard,49,United Kingdom,Social Media,Completed,Yes,0,48.2,1,Churned,2026-02-24,Payment issues,10,490.0
C1194,2025-05-12,2025-05-01,Standard,49,Nigeria,Paid Ads,Partial,Yes,0,67.5,3,Churned,2025-11-06,Poor onboarding,7,343.0
C1195,2025-05-23,2025-05-01,Standard,49,United States,Organic Search,Completed,Yes,0,48.4,2,Active,,,12,588.0
C1196,2025-05-03,2025-05-01,Basic,19,South Africa,Organic Search,Completed,No,0,59.8,4,Churned,2026-03-20,Missing features,11,209.0
C1197,2025-05-24,2025-05-01,Premium,99,South Africa,Referral,Completed,No,0,53.6,0,Active,,,12,1188.0
C1198,2025-05-24,2025-05-01,Basic,19,South Africa,Referral,Completed,Yes,0,32.9,3,Active,,,12,228.0
C1199,2025-05-18,2025-05-01,Standard,49,United Kingdom,Paid Ads,Completed,No,10,57.9,0,Active,,,12,529.2
C1200,2025-05-07,2025-05-01,Standard,49,United Kingdom,Organic Search,Completed,Yes,0,45.6,0,Active,,,12,588.0
C1201,2025-06-05,2025-06-01,Premium,99,Kenya,Paid Ads,Completed,Yes,10,74.3,1,Active,,,11,980.1
C1202,2025-06-24,2025-06-01,Basic,19,United Kingdom,Paid Ads,Completed,No,0,30.8,1,Active,,,11,209.0
C1203,2025-06-21,2025-06-01,Standard,49,United States,Paid Ads,Partial,Yes,20,79.1,1,Churned,2025-06-14,Low usage,1,39.2
C1204,2025-06-07,2025-06-01,Standard,49,South Africa,Organic Search,Completed,Yes,10,40.6,1,Active,,,11,485.1
C1205,2025-06-01,2025-06-01,Standard,49,South Africa,Paid Ads,Completed,Yes,10,86.7,1,Active,,,11,485.1
C1206,2025-06-04,2025-06-01,Standard,49,United States,Organic Search,Completed,Yes,0,44.8,1,Active,,,11,539.0
C1207,2025-06-08,2025-06-01,Basic,19,United States,Paid Ads,Partial,No,10,56.9,2,Active,,,11,188.1
C1208,2025-06-18,2025-06-01,Standard,49,South Africa,Paid Ads,Partial,Yes,20,32.7,1,Active,,,11,431.2
C1209,2025-06-17,2025-06-01,Basic,19,United States,Partner,Partial,No,10,55.4,1,Active,,,11,188.1
C1210,2025-06-18,2025-06-01,Premium,99,Kenya,Organic Search,Not Started,Yes,30,65.7,0,Active,,,11,762.3
C1211,2025-06-03,2025-06-01,Standard,49,United Kingdom,Paid Ads,Completed,No,10,50.9,3,Active,,,11,485.1
C1212,2025-06-23,2025-06-01,Basic,19,United Kingdom,Social Media,Not Started,Yes,0,40.6,0,Active,,,11,209.0
C1213,2025-06-13,2025-06-01,Basic,19,United Kingdom,Partner,Completed,No,0,59.7,1,Churned,2026-02-13,Low usage,9,171.0
C1214,2025-06-20,2025-06-01,Standard,49,Kenya,Organic Search,Completed,Yes,0,54.2,2,Active,,,11,539.0
C1215,2025-06-03,2025-06-01,Basic,19,Nigeria,Paid Ads,Completed,Yes,0,59.4,2,Churned,2026-01-18,Missing features,8,152.0
C1216,2025-06-03,2025-06-01,Basic,19,South Africa,Paid Ads,Partial,Yes,0,18.1,0,Active,,,11,209.0
C1217,2025-06-08,2025-06-01,Standard,49,Kenya,Partner,Completed,Yes,0,48.1,1,Active,,,11,539.0
C1218,2025-06-16,2025-06-01,Basic,19,Nigeria,Paid Ads,Not Started,No,10,47.5,0,Active,,,11,188.1
C1219,2025-06-13,2025-06-01,Standard,49,South Africa,Organic Search,Partial,Yes,0,45.6,3,Active,,,11,539.0
C1220,2025-06-11,2025-06-01,Premium,99,United States,Organic Search,Completed,Yes,0,47.9,0,Active,,,11,1089.0
C1221,2025-06-26,2025-06-01,Standard,49,Kenya,Partner,Partial,Yes,0,58.8,2,Active,,,11,539.0
C1222,2025-06-18,2025-06-01,Standard,49,Kenya,Referral,Not Started,Yes,20,86.6,1,Active,,,11,431.2
C1223,2025-06-22,2025-06-01,Basic,19,United States,Social Media,Completed,Yes,10,18.5,2,Active,,,11,188.1
C1224,2025-06-13,2025-06-01,Basic,19,United States,Paid Ads,Partial,Yes,0,4.1,1,Active,,,11,209.0
C1225,2025-06-03,2025-06-01,Standard,49,United Kingdom,Referral,Completed,Yes,10,68.5,2,Active,,,11,485.1
C1226,2025-06-11,2025-06-01,Standard,49,Kenya,Partner,Completed,Yes,10,76.7,1,Active,,,11,485.1
C1227,2025-06-13,2025-06-01,Standard,49,Kenya,Paid Ads,Partial,Yes,30,31.6,2,Active,,,11,377.3
C1228,2025-06-27,2025-06-01,Basic,19,United States,Organic Search,Completed,Yes,0,53.3,1,Active,,,11,209.0
C1229,2025-06-11,2025-06-01,Standard,49,Nigeria,Referral,Partial,Yes,0,63.0,1,Churned,2025-08-24,Low usage,3,147.0
C1230,2025-06-15,2025-06-01,Basic,19,South Africa,Paid Ads,Completed,Yes,0,46.1,3,Churned,2026-03-07,Low usage,10,190.0
C1231,2025-06-09,2025-06-01,Basic,19,South Africa,Organic Search,Completed,Yes,20,44.5,0,Churned,2025-11-07,Missing features,6,91.2
C1232,2025-06-21,2025-06-01,Basic,19,United States,Paid Ads,Completed,Yes,0,37.1,3,Active,,,11,209.0
C1233,2025-06-20,2025-06-01,Basic,19,Kenya,Social Media,Completed,Yes,0,21.3,1,Churned,2025-08-17,Low usage,3,57.0
C1234,2025-06-16,2025-06-01,Standard,49,Kenya,Paid Ads,Completed,No,10,39.8,0,Active,,,11,485.1
C1235,2025-06-02,2025-06-01,Basic,19,Nigeria,Paid Ads,Completed,Yes,0,73.4,0,Active,,,11,209.0
C1236,2025-06-23,2025-06-01,Standard,49,Nigeria,Paid Ads,Completed,Yes,20,69.2,0,Active,,,11,431.2
C1237,2025-06-15,2025-06-01,Basic,19,Kenya,Organic Search,Completed,Yes,10,15.6,1,Churned,2026-02-27,No longer needed,9,153.9
C1238,2025-06-15,2025-06-01,Standard,49,United Kingdom,Referral,Completed,No,20,5.8,0,Active,,,11,431.2
C1239,2025-06-27,2025-06-01,Enterprise,249,Nigeria,Paid Ads,Completed,No,0,100,2,Active,,,11,2739.0
C1240,2025-06-14,2025-06-01,Standard,49,United States,Referral,Completed,Yes,0,63.0,2,Active,,,11,539.0
C1241,2025-06-23,2025-06-01,Basic,19,Kenya,Organic Search,Not Started,Yes,20,37.8,3,Active,,,11,167.2
C1242,2025-06-02,2025-06-01,Basic,19,United Kingdom,Paid Ads,Completed,No,0,80.1,1,Active,,,11,209.0
C1243,2025-06-16,2025-06-01,Premium,99,United Kingdom,Referral,Completed,Yes,0,86.0,2,Active,,,11,1089.0
C1244,2025-06-23,2025-06-01,Standard,49,Nigeria,Referral,Not Started,Yes,0,73.9,1,Active,,,11,539.0
C1245,2025-06-22,2025-06-01,Standard,49,United Kingdom,Paid Ads,Partial,Yes,30,46.6,0,Active,,,11,377.3
C1246,2025-06-18,2025-06-01,Standard,49,Nigeria,Organic Search,Completed,Yes,10,37.5,0,Churned,2025-07-21,Competitor switch,2,88.2
C1247,2025-06-15,2025-06-01,Standard,49,South Africa,Social Media,Completed,No,20,4.3,2,Active,,,11,431.2
C1248,2025-06-03,2025-06-01,Basic,19,United States,Social Media,Completed,No,0,36.3,1,Active,,,11,209.0
C1249,2025-06-21,2025-06-01,Basic,19,United Kingdom,Organic Search,Completed,Yes,10,50.8,2,Active,,,11,188.1
C1250,2025-06-04,2025-06-01,Standard,49,South Africa,Paid Ads,Completed,Yes,0,76.8,1,Active,,,11,539.0
C1251,2025-06-05,2025-06-01,Basic,19,Nigeria,Social Media,Partial,Yes,10,19.6,3,Churned,2026-03-01,Missing features,10,171.0
C1252,2025-07-20,2025-07-01,Basic,19,United Kingdom,Social Media,Completed,Yes,20,58.4,1,Active,,,10,152.0
C1253,2025-07-05,2025-07-01,Basic,19,United States,Organic Search,Completed,Yes,10,11.1,2,Churned,2025-07-28,Competitor switch,1,17.1
C1254,2025-07-07,2025-07-01,Premium,99,South Africa,Referral,Completed,No,30,95.9,1,Active,,,10,693.0
C1255,2025-07-17,2025-07-01,Basic,19,Nigeria,Referral,Completed,Yes,0,28.9,2,Active,,,10,190.0
C1256,2025-07-16,2025-07-01,Basic,19,Kenya,Organic Search,Completed,Yes,0,42.2,4,Churned,2025-07-26,Low usage,1,19.0
C1257,2025-07-14,2025-07-01,Basic,19,United Kingdom,Referral,Completed,Yes,0,35.3,1,Active,,,10,190.0
C1258,2025-07-18,2025-07-01,Standard,49,South Africa,Social Media,Partial,Yes,10,50.9,0,Active,,,10,441.0
C1259,2025-07-08,2025-07-01,Standard,49,United States,Organic Search,Completed,Yes,0,79.2,2,Active,,,10,490.0
C1260,2025-07-23,2025-07-01,Standard,49,South Africa,Referral,Completed,Yes,20,67.9,3,Active,,,10,392.0
C1261,2025-07-24,2025-07-01,Basic,19,United Kingdom,Social Media,Completed,No,0,45.5,3,Churned,2026-04-21,Price too high,10,190.0
C1262,2025-07-19,2025-07-01,Standard,49,Nigeria,Paid Ads,Partial,No,10,37.8,1,Churned,2026-03-01,Price too high,9,396.9
C1263,2025-07-13,2025-07-01,Premium,99,South Africa,Paid Ads,Not Started,Yes,20,79.1,1,Active,,,10,792.0
C1264,2025-07-24,2025-07-01,Standard,49,South Africa,Organic Search,Completed,Yes,10,52.6,0,Churned,2025-10-26,Missing features,4,176.4
C1265,2025-07-28,2025-07-01,Basic,19,Nigeria,Social Media,Completed,Yes,0,74.5,1,Churned,2026-04-26,Low usage,10,190.0
C1266,2025-07-16,2025-07-01,Standard,49,Nigeria,Referral,Partial,Yes,20,92.0,3,Churned,2026-01-01,Low usage,7,274.4
C1267,2025-07-11,2025-07-01,Basic,19,United States,Social Media,Partial,No,0,43.6,3,Active,,,10,190.0
C1268,2025-07-05,2025-07-01,Basic,19,Nigeria,Organic Search,Not Started,No,10,44.2,1,Active,,,10,171.0
C1269,2025-07-04,2025-07-01,Basic,19,United States,Organic Search,Completed,Yes,0,36.3,0,Active,,,10,190.0
C1270,2025-07-26,2025-07-01,Basic,19,South Africa,Social Media,Completed,Yes,0,43.1,0,Active,,,10,190.0
C1271,2025-07-04,2025-07-01,Basic,19,United Kingdom,Organic Search,Completed,Yes,30,65.2,2,Active,,,10,133.0
C1272,2025-07-06,2025-07-01,Basic,19,South Africa,Organic Search,Partial,Yes,0,61.3,2,Active,,,10,190.0
C1273,2025-07-13,2025-07-01,Basic,19,United Kingdom,Partner,Completed,No,0,29.7,0,Active,,,10,190.0
C1274,2025-07-15,2025-07-01,Standard,49,United Kingdom,Organic Search,Completed,Yes,20,55.7,3,Active,,,10,392.0
C1275,2025-07-21,2025-07-01,Basic,19,Nigeria,Referral,Not Started,Yes,30,63.1,3,Churned,2026-02-26,Low usage,8,106.4
C1276,2025-07-02,2025-07-01,Premium,99,United Kingdom,Organic Search,Not Started,Yes,10,82.0,1,Active,,,10,891.0
C1277,2025-07-06,2025-07-01,Basic,19,Nigeria,Paid Ads,Completed,Yes,10,41.9,1,Active,,,10,171.0
C1278,2025-07-03,2025-07-01,Standard,49,United States,Paid Ads,Completed,No,10,77.3,1,Active,,,10,441.0
C1279,2025-07-26,2025-07-01,Premium,99,United Kingdom,Partner,Partial,Yes,10,79.6,0,Active,,,10,891.0
C1280,2025-07-01,2025-07-01,Basic,19,South Africa,Referral,Completed,No,10,24.0,3,Active,,,10,171.0
C1281,2025-07-22,2025-07-01,Enterprise,249,United States,Organic Search,Partial,No,20,59.0,0,Active,,,10,1992.0
C1282,2025-07-27,2025-07-01,Standard,49,United States,Paid Ads,Completed,Yes,10,80.2,2,Active,,,10,441.0
C1283,2025-07-19,2025-07-01,Standard,49,United Kingdom,Paid Ads,Completed,No,20,57.4,0,Active,,,10,392.0
C1284,2025-07-08,2025-07-01,Basic,19,Nigeria,Organic Search,Completed,Yes,10,35.0,1,Active,,,10,171.0
C1285,2025-07-28,2025-07-01,Basic,19,South Africa,Social Media,Completed,No,20,41.8,1,Active,,,10,152.0
C1286,2025-07-22,2025-07-01,Premium,99,United States,Paid Ads,Completed,Yes,0,73.4,0,Active,,,10,990.0
C1287,2025-07-06,2025-07-01,Premium,99,United States,Referral,Partial,Yes,0,75.1,0,Active,,,10,990.0
C1288,2025-07-10,2025-07-01,Premium,99,Nigeria,Referral,Not Started,No,0,47.7,2,Active,,,10,990.0
C1289,2025-07-26,2025-07-01,Enterprise,249,South Africa,Referral,Completed,No,0,98.9,1,Active,,,10,2490.0
C1290,2025-07-03,2025-07-01,Basic,19,United States,Organic Search,Partial,Yes,0,41.4,2,Churned,2025-08-12,Low usage,2,38.0
C1291,2025-07-24,2025-07-01,Basic,19,South Africa,Paid Ads,Completed,No,0,19.9,1,Churned,2026-02-26,Competitor switch,8,152.0
C1292,2025-07-03,2025-07-01,Standard,49,Kenya,Organic Search,Completed,Yes,0,63.3,1,Active,,,10,490.0
C1293,2025-07-03,2025-07-01,Premium,99,South Africa,Organic Search,Partial,No,0,65.5,0,Active,,,10,990.0
C1294,2025-07-11,2025-07-01,Standard,49,Nigeria,Organic Search,Partial,No,10,100,1,Churned,2025-11-10,Low usage,5,220.5
C1295,2025-07-05,2025-07-01,Basic,19,Kenya,Social Media,Completed,No,10,55.2,2,Active,,,10,171.0
C1296,2025-07-03,2025-07-01,Basic,19,South Africa,Referral,Partial,Yes,20,44.5,1,Active,,,10,152.0
C1297,2025-07-13,2025-07-01,Standard,49,Nigeria,Paid Ads,Completed,Yes,0,59.5,0,Active,,,10,490.0
C1298,2025-07-03,2025-07-01,Basic,19,United Kingdom,Referral,Completed,No,0,58.3,1,Churned,2026-01-27,Missing features,7,133.0
C1299,2025-07-19,2025-07-01,Enterprise,249,Kenya,Partner,Completed,No,10,49.5,1,Active,,,10,2241.0
C1300,2025-07-20,2025-07-01,Premium,99,United Kingdom,Referral,Completed,No,0,56.1,2,Active,,,10,990.0
C1301,2025-07-22,2025-07-01,Basic,19,South Africa,Organic Search,Completed,No,0,79.1,0,Active,,,10,190.0
C1302,2025-07-13,2025-07-01,Premium,99,South Africa,Paid Ads,Completed,No,0,94.4,0,Active,,,10,990.0
C1303,2025-08-05,2025-08-01,Standard,49,United Kingdom,Organic Search,Partial,No,30,72.3,2,Active,,,9,308.7
C1304,2025-08-12,2025-08-01,Basic,19,South Africa,Paid Ads,Completed,Yes,10,54.1,1,Churned,2026-02-05,Missing features,7,119.7
C1305,2025-08-11,2025-08-01,Standard,49,Nigeria,Paid Ads,Completed,Yes,0,55.9,1,Active,,,9,441.0
C1306,2025-08-28,2025-08-01,Premium,99,Nigeria,Social Media,Partial,Yes,30,67.3,0,Active,,,9,623.7
C1307,2025-08-21,2025-08-01,Premium,99,South Africa,Paid Ads,Not Started,Yes,10,86.5,1,Active,,,9,801.9
C1308,2025-08-03,2025-08-01,Basic,19,South Africa,Social Media,Completed,No,20,36.0,3,Churned,2025-11-27,Price too high,4,60.8
C1309,2025-08-12,2025-08-01,Basic,19,South Africa,Organic Search,Partial,Yes,10,39.9,1,Churned,2025-08-08,Missing features,1,17.1
C1310,2025-08-19,2025-08-01,Standard,49,South Africa,Social Media,Partial,Yes,20,42.3,1,Churned,2025-08-13,Price too high,1,39.2
C1311,2025-08-08,2025-08-01,Premium,99,United Kingdom,Organic Search,Completed,Yes,0,53.7,0,Active,,,9,891.0
C1312,2025-08-21,2025-08-01,Standard,49,South Africa,Social Media,Completed,Yes,30,73.0,3,Active,,,9,308.7
C1313,2025-08-28,2025-08-01,Standard,49,South Africa,Social Media,Completed,Yes,20,50.0,2,Active,,,9,352.8
C1314,2025-08-27,2025-08-01,Basic,19,Nigeria,Referral,Completed,Yes,10,56.3,0,Active,,,9,153.9
C1315,2025-08-09,2025-08-01,Basic,19,South Africa,Organic Search,Partial,Yes,0,42.0,3,Active,,,9,171.0
C1316,2025-08-20,2025-08-01,Premium,99,United Kingdom,Social Media,Completed,Yes,10,57.0,1,Active,,,9,801.9
C1317,2025-08-19,2025-08-01,Premium,99,Nigeria,Referral,Completed,No,0,63.9,0,Active,,,9,891.0
C1318,2025-08-17,2025-08-01,Premium,99,United States,Referral,Completed,Yes,0,66.6,1,Active,,,9,891.0
C1319,2025-08-06,2025-08-01,Standard,49,United Kingdom,Paid Ads,Completed,Yes,0,94.5,0,Active,,,9,441.0
C1320,2025-08-19,2025-08-01,Basic,19,United States,Paid Ads,Completed,No,10,34.4,4,Active,,,9,153.9
C1321,2025-08-28,2025-08-01,Basic,19,United States,Paid Ads,Completed,No,0,34.7,0,Active,,,9,171.0
C1322,2025-08-15,2025-08-01,Basic,19,United States,Social Media,Completed,Yes,0,66.3,3,Active,,,9,171.0
C1323,2025-08-07,2025-08-01,Basic,19,South Africa,Paid Ads,Partial,Yes,20,44.8,1,Churned,2026-02-21,Missing features,7,106.4
C1324,2025-08-18,2025-08-01,Basic,19,Nigeria,Organic Search,Completed,Yes,20,49.4,3,Churned,2025-08-21,Poor onboarding,1,15.2
C1325,2025-08-04,2025-08-01,Basic,19,United States,Organic Search,Completed,No,0,26.1,3,Churned,2026-04-20,Missing features,9,171.0
C1326,2025-08-16,2025-08-01,Standard,49,Kenya,Organic Search,Not Started,No,0,50.6,2,Churned,2025-10-07,Poor onboarding,3,147.0
C1327,2025-08-21,2025-08-01,Standard,49,South Africa,Paid Ads,Completed,No,10,62.6,0,Active,,,9,396.9
C1328,2025-08-02,2025-08-01,Basic,19,South Africa,Social Media,Completed,Yes,10,37.1,0,Churned,2025-08-10,Low usage,1,17.1
C1329,2025-08-23,2025-08-01,Basic,19,Kenya,Referral,Completed,No,0,66.1,3,Churned,2025-09-16,Price too high,2,38.0
C1330,2025-08-07,2025-08-01,Basic,19,South Africa,Paid Ads,Completed,Yes,20,32.4,3,Active,,,9,136.8
C1331,2025-08-03,2025-08-01,Standard,49,South Africa,Organic Search,Completed,Yes,0,86.5,0,Active,,,9,441.0
C1332,2025-08-08,2025-08-01,Standard,49,South Africa,Organic Search,Completed,Yes,20,10.3,2,Active,,,9,352.8
C1333,2025-08-14,2025-08-01,Premium,99,Nigeria,Referral,Partial,Yes,20,69.4,0,Active,,,9,712.8
C1334,2025-08-20,2025-08-01,Basic,19,Nigeria,Paid Ads,Completed,Yes,0,40.6,4,Active,,,9,171.0
C1335,2025-08-16,2025-08-01,Standard,49,United States,Referral,Partial,Yes,10,66.0,0,Churned,2025-10-04,Missing features,3,132.3
C1336,2025-08-06,2025-08-01,Standard,49,United Kingdom,Referral,Completed,No,20,34.1,0,Active,,,9,352.8
C1337,2025-08-14,2025-08-01,Premium,99,Nigeria,Paid Ads,Completed,Yes,20,63.9,1,Active,,,9,712.8
C1338,2025-08-22,2025-08-01,Standard,49,United Kingdom,Organic Search,Partial,Yes,0,73.2,0,Active,,,9,441.0
C1339,2025-08-05,2025-08-01,Standard,49,Kenya,Referral,Not Started,Yes,10,70.2,0,Churned,2026-03-28,Poor onboarding,8,352.8
C1340,2025-08-11,2025-08-01,Basic,19,United Kingdom,Organic Search,Completed,Yes,0,49.7,2,Active,,,9,171.0
C1341,2025-08-28,2025-08-01,Standard,49,United Kingdom,Paid Ads,Not Started,No,0,42.3,1,Active,,,9,441.0
C1342,2025-08-26,2025-08-01,Basic,19,Kenya,Social Media,Completed,Yes,0,24.2,1,Active,,,9,171.0
C1343,2025-08-08,2025-08-01,Enterprise,249,Nigeria,Organic Search,Partial,Yes,10,87.0,0,Active,,,9,2016.9
C1344,2025-08-01,2025-08-01,Standard,49,South Africa,Referral,Not Started,Yes,10,39.6,3,Active,,,9,396.9
C1345,2025-08-23,2025-08-01,Basic,19,South Africa,Organic Search,Completed,Yes,0,43.1,0,Active,,,9,171.0
C1346,2025-08-11,2025-08-01,Basic,19,United Kingdom,Organic Search,Not Started,No,10,58.5,2,Active,,,9,153.9
C1347,2025-09-17,2025-09-01,Enterprise,249,South Africa,Paid Ads,Completed,Yes,30,86.1,0,Active,,,8,1394.4
C1348,2025-09-27,2025-09-01,Premium,99,United Kingdom,Organic Search,Completed,No,10,47.2,1,Active,,,8,712.8
C1349,2025-09-09,2025-09-01,Enterprise,249,United States,Referral,Completed,No,0,90.9,0,Active,,,8,1992.0
C1350,2025-09-18,2025-09-01,Premium,99,Nigeria,Social Media,Not Started,Yes,0,79.9,2,Active,,,8,792.0
C1351,2025-09-23,2025-09-01,Basic,19,Nigeria,Referral,Completed,No,0,22.2,0,Churned,2026-02-18,Low usage,6,114.0
C1352,2025-09-24,2025-09-01,Standard,49,Kenya,Paid Ads,Partial,Yes,0,21.3,2,Churned,2026-03-05,Price too high,7,343.0
C1353,2025-09-10,2025-09-01,Basic,19,South Africa,Social Media,Completed,No,0,30.2,1,Active,,,8,152.0
C1354,2025-09-22,2025-09-01,Basic,19,Nigeria,Referral,Partial,Yes,0,34.7,1,Active,,,8,152.0
C1355,2025-09-13,2025-09-01,Premium,99,South Africa,Referral,Not Started,Yes,10,34.1,0,Churned,2026-01-07,Poor onboarding,5,445.5
C1356,2025-09-21,2025-09-01,Premium,99,United States,Social Media,Partial,Yes,10,99.3,0,Active,,,8,712.8
C1357,2025-09-22,2025-09-01,Enterprise,249,South Africa,Organic Search,Partial,Yes,0,53.1,3,Active,,,8,1992.0
C1358,2025-09-01,2025-09-01,Basic,19,South Africa,Social Media,Completed,Yes,0,64.8,1,Churned,2026-01-16,Competitor switch,5,95.0
C1359,2025-09-17,2025-09-01,Standard,49,South Africa,Referral,Completed,Yes,0,82.8,1,Active,,,8,392.0
C1360,2025-09-11,2025-09-01,Basic,19,South Africa,Organic Search,Not Started,Yes,10,55.3,1,Active,,,8,136.8
C1361,2025-09-12,2025-09-01,Standard,49,Kenya,Organic Search,Completed,Yes,30,71.1,0,Active,,,8,274.4
C1362,2025-09-13,2025-09-01,Basic,19,United States,Partner,Completed,Yes,20,57.1,2,Active,,,8,121.6
C1363,2025-09-21,2025-09-01,Standard,49,Nigeria,Organic Search,Not Started,Yes,30,86.9,2,Active,,,8,274.4
C1364,2025-09-25,2025-09-01,Basic,19,South Africa,Referral,Partial,Yes,20,64.2,2,Active,,,8,121.6
C1365,2025-09-03,2025-09-01,Standard,49,Nigeria,Social Media,Completed,Yes,0,84.6,1,Churned,2026-01-18,Price too high,5,245.0
C1366,2025-09-15,2025-09-01,Premium,99,United States,Paid Ads,Completed,Yes,10,59.6,0,Active,,,8,712.8
C1367,2025-09-23,2025-09-01,Standard,49,United Kingdom,Paid Ads,Completed,Yes,10,44.0,2,Active,,,8,352.8
C1368,2025-09-27,2025-09-01,Basic,19,United States,Paid Ads,Completed,Yes,0,30.2,1,Active,,,8,152.0
C1369,2025-09-22,2025-09-01,Standard,49,United States,Organic Search,Partial,Yes,30,40.7,3,Churned,2025-11-04,Price too high,3,102.9
C1370,2025-09-03,2025-09-01,Standard,49,Nigeria,Paid Ads,Partial,Yes,0,27.6,0,Active,,,8,392.0
C1371,2025-09-27,2025-09-01,Standard,49,South Africa,Organic Search,Partial,Yes,0,86.2,1,Active,,,8,392.0
C1372,2025-09-03,2025-09-01,Enterprise,249,Kenya,Referral,Completed,No,10,86.9,0,Active,,,8,1792.8
C1373,2025-09-20,2025-09-01,Basic,19,Kenya,Organic Search,Completed,Yes,10,50.5,2,Active,,,8,136.8
C1374,2025-09-14,2025-09-01,Basic,19,Kenya,Social Media,Partial,No,10,49.0,2,Churned,2026-02-05,Poor onboarding,6,102.6
C1375,2025-09-25,2025-09-01,Basic,19,Nigeria,Paid Ads,Completed,Yes,20,57.6,1,Active,,,8,121.6
C1376,2025-09-21,2025-09-01,Basic,19,Kenya,Organic Search,Completed,Yes,0,65.4,2,Active,,,8,152.0
C1377,2025-09-18,2025-09-01,Basic,19,Kenya,Social Media,Completed,Yes,0,47.3,1,Active,,,8,152.0
C1378,2025-09-05,2025-09-01,Premium,99,Kenya,Social Media,Completed,Yes,10,100,0,Active,,,8,712.8
C1379,2025-09-17,2025-09-01,Premium,99,Kenya,Organic Search,Completed,Yes,20,74.7,1,Active,,,8,633.6
C1380,2025-09-25,2025-09-01,Standard,49,United States,Organic Search,Completed,Yes,0,66.2,1,Active,,,8,392.0
C1381,2025-09-02,2025-09-01,Basic,19,Nigeria,Paid Ads,Completed,No,10,44.5,3,Churned,2026-01-19,Missing features,5,85.5
C1382,2025-09-21,2025-09-01,Basic,19,Kenya,Paid Ads,Completed,No,0,50.5,2,Active,,,8,152.0
C1383,2025-09-20,2025-09-01,Premium,99,Nigeria,Social Media,Completed,Yes,10,65.7,3,Active,,,8,712.8
C1384,2025-09-27,2025-09-01,Basic,19,South Africa,Referral,Partial,No,10,45.5,2,Active,,,8,136.8
C1385,2025-09-01,2025-09-01,Basic,19,South Africa,Social Media,Completed,Yes,10,52.8,2,Active,,,8,136.8
C1386,2025-09-17,2025-09-01,Basic,19,South Africa,Partner,Completed,Yes,10,53.4,3,Active,,,8,136.8
C1387,2025-10-16,2025-10-01,Basic,19,South Africa,Paid Ads,Partial,Yes,20,51.4,1,Active,,,7,106.4
C1388,2025-10-24,2025-10-01,Basic,19,Kenya,Organic Search,Completed,Yes,0,28.0,0,Churned,2025-10-07,Missing features,1,19.0
C1389,2025-10-20,2025-10-01,Premium,99,Kenya,Social Media,Completed,Yes,20,86.8,1,Active,,,7,554.4
C1390,2025-10-20,2025-10-01,Basic,19,Nigeria,Organic Search,Not Started,Yes,0,43.1,2,Active,,,7,133.0
C1391,2025-10-26,2025-10-01,Premium,99,United Kingdom,Paid Ads,Completed,No,20,39.4,1,Active,,,7,554.4
C1392,2025-10-25,2025-10-01,Standard,49,Nigeria,Organic Search,Completed,No,0,61.9,3,Active,,,7,343.0
C1393,2025-10-04,2025-10-01,Standard,49,United Kingdom,Paid Ads,Completed,No,0,40.7,1,Churned,2026-01-21,Missing features,4,196.0
C1394,2025-10-20,2025-10-01,Basic,19,Kenya,Paid Ads,Partial,Yes,20,39.7,3,Active,,,7,106.4
C1395,2025-10-10,2025-10-01,Basic,19,Kenya,Organic Search,Completed,Yes,20,16.6,1,Churned,2025-11-15,Poor onboarding,2,30.4
C1396,2025-10-26,2025-10-01,Enterprise,249,South Africa,Paid Ads,Partial,No,0,66.0,2,Active,,,7,1743.0
C1397,2025-10-20,2025-10-01,Basic,19,South Africa,Organic Search,Completed,Yes,0,38.0,2,Active,,,7,133.0
C1398,2025-10-23,2025-10-01,Enterprise,249,Kenya,Paid Ads,Partial,Yes,10,84.0,0,Churned,2026-04-22,Payment issues,7,1568.7
C1399,2025-10-17,2025-10-01,Standard,49,South Africa,Social Media,Completed,Yes,0,45.0,1,Churned,2025-11-03,No longer needed,2,98.0
C1400,2025-10-19,2025-10-01,Premium,99,Nigeria,Paid Ads,Partial,No,10,71.0,1,Active,,,7,623.7
C1401,2025-10-27,2025-10-01,Standard,49,Kenya,Paid Ads,Completed,No,10,53.9,3,Active,,,7,308.7
C1402,2025-10-10,2025-10-01,Basic,19,South Africa,Organic Search,Completed,Yes,10,39.2,2,Active,,,7,119.7
C1403,2025-10-16,2025-10-01,Basic,19,Nigeria,Paid Ads,Not Started,Yes,10,47.8,0,Active,,,7,119.7
C1404,2025-10-21,2025-10-01,Basic,19,South Africa,Organic Search,Partial,No,0,47.1,1,Active,,,7,133.0
C1405,2025-10-10,2025-10-01,Standard,49,United Kingdom,Organic Search,Partial,Yes,30,80.5,2,Active,,,7,240.1
C1406,2025-10-24,2025-10-01,Basic,19,United States,Organic Search,Completed,Yes,10,27.9,0,Active,,,7,119.7
C1407,2025-10-20,2025-10-01,Basic,19,South Africa,Organic Search,Completed,Yes,30,24.7,3,Active,,,7,93.1
C1408,2025-10-28,2025-10-01,Basic,19,United States,Partner,Completed,No,20,19.1,2,Active,,,7,106.4
C1409,2025-10-09,2025-10-01,Standard,49,United States,Social Media,Completed,Yes,0,34.0,2,Active,,,7,343.0
C1410,2025-10-25,2025-10-01,Basic,19,Nigeria,Social Media,Partial,Yes,10,66.4,5,Churned,2025-11-13,Poor onboarding,2,34.2
C1411,2025-10-18,2025-10-01,Basic,19,Kenya,Organic Search,Not Started,Yes,0,42.8,3,Active,,,7,133.0
C1412,2025-10-13,2025-10-01,Basic,19,United Kingdom,Paid Ads,Completed,Yes,0,41.9,2,Churned,2025-12-26,Low usage,3,57.0
C1413,2025-10-24,2025-10-01,Standard,49,Nigeria,Organic Search,Completed,Yes,30,77.2,3,Active,,,7,240.1
C1414,2025-10-10,2025-10-01,Standard,49,United Kingdom,Social Media,Completed,Yes,0,57.8,3,Active,,,7,343.0
C1415,2025-10-24,2025-10-01,Basic,19,United States,Organic Search,Completed,No,0,35.4,3,Churned,2025-10-12,Competitor switch,1,19.0
C1416,2025-10-21,2025-10-01,Enterprise,249,South Africa,Paid Ads,Completed,Yes,10,29.3,0,Active,,,7,1568.7
C1417,2025-10-15,2025-10-01,Standard,49,South Africa,Referral,Completed,No,0,51.2,1,Active,,,7,343.0
C1418,2025-10-06,2025-10-01,Standard,49,United States,Organic Search,Completed,No,10,49.3,2,Active,,,7,308.7
C1419,2025-10-24,2025-10-01,Premium,99,United Kingdom,Partner,Completed,Yes,0,30.1,0,Active,,,7,693.0
C1420,2025-10-03,2025-10-01,Standard,49,United States,Referral,Completed,No,10,62.4,2,Churned,2026-04-13,Missing features,7,308.7
C1421,2025-10-03,2025-10-01,Enterprise,249,South Africa,Referral,Completed,Yes,0,56.9,0,Active,,,7,1743.0
C1422,2025-10-22,2025-10-01,Basic,19,United States,Organic Search,Partial,Yes,20,19.1,4,Active,,,7,106.4
C1423,2025-10-18,2025-10-01,Standard,49,South Africa,Partner,Completed,Yes,10,68.7,3,Active,,,7,308.7
C1424,2025-10-18,2025-10-01,Standard,49,South Africa,Paid Ads,Completed,Yes,0,59.1,2,Churned,2026-02-27,Poor onboarding,5,245.0
C1425,2025-10-23,2025-10-01,Basic,19,South Africa,Paid Ads,Completed,Yes,0,82.5,0,Active,,,7,133.0
C1426,2025-10-14,2025-10-01,Basic,19,South Africa,Paid Ads,Completed,No,10,58.2,1,Active,,,7,119.7
C1427,2025-10-17,2025-10-01,Basic,19,South Africa,Referral,Partial,No,0,47.6,0,Active,,,7,133.0
C1428,2025-10-06,2025-10-01,Premium,99,Nigeria,Social Media,Completed,Yes,10,75.7,1,Active,,,7,623.7
C1429,2025-10-01,2025-10-01,Basic,19,South Africa,Partner,Completed,No,10,47.3,2,Active,,,7,119.7
C1430,2025-10-10,2025-10-01,Basic,19,Nigeria,Paid Ads,Completed,No,0,48.7,0,Churned,2026-04-05,Price too high,7,133.0
C1431,2025-10-07,2025-10-01,Premium,99,South Africa,Paid Ads,Completed,Yes,30,80.8,0,Active,,,7,485.1
C1432,2025-10-02,2025-10-01,Basic,19,United States,Organic Search,Completed,Yes,0,53.2,3,Active,,,7,133.0
C1433,2025-10-24,2025-10-01,Enterprise,249,United States,Organic Search,Completed,Yes,10,100,1,Active,,,7,1568.7
C1434,2025-10-04,2025-10-01,Premium,99,United States,Organic Search,Completed,No,10,71.7,2,Active,,,7,623.7
C1435,2025-10-23,2025-10-01,Basic,19,United States,Paid Ads,Completed,Yes,0,20.1,2,Churned,2026-02-11,Payment issues,5,95.0
C1436,2025-10-21,2025-10-01,Enterprise,249,Kenya,Organic Search,Completed,Yes,0,90.7,2,Active,,,7,1743.0
C1437,2025-10-24,2025-10-01,Standard,49,Nigeria,Social Media,Completed,Yes,20,67.7,3,Active,,,7,274.4
C1438,2025-10-07,2025-10-01,Standard,49,South Africa,Referral,Completed,Yes,20,37.4,0,Active,,,7,274.4
C1439,2025-10-15,2025-10-01,Premium,99,South Africa,Paid Ads,Completed,Yes,10,66.0,1,Active,,,7,623.7
C1440,2025-10-25,2025-10-01,Basic,19,South Africa,Social Media,Completed,No,20,32.5,1,Churned,2026-03-16,Competitor switch,6,91.2
C1441,2025-10-11,2025-10-01,Basic,19,South Africa,Paid Ads,Completed,No,0,60.8,3,Active,,,7,133.0
C1442,2025-10-19,2025-10-01,Basic,19,Nigeria,Organic Search,Completed,Yes,10,32.8,1,Churned,2025-11-20,Poor onboarding,2,34.2
C1443,2025-10-27,2025-10-01,Basic,19,United States,Referral,Completed,Yes,30,72.3,3,Active,,,7,93.1
C1444,2025-10-09,2025-10-01,Basic,19,United Kingdom,Social Media,Partial,Yes,0,15.2,1,Active,,,7,133.0
C1445,2025-10-07,2025-10-01,Basic,19,South Africa,Paid Ads,Completed,Yes,20,30.6,1,Active,,,7,106.4
C1446,2025-10-15,2025-10-01,Basic,19,Kenya,Paid Ads,Completed,No,10,38.4,0,Active,,,7,119.7
C1447,2025-10-12,2025-10-01,Standard,49,Kenya,Referral,Not Started,No,0,76.6,0,Active,,,7,343.0
C1448,2025-10-18,2025-10-01,Premium,99,Nigeria,Organic Search,Not Started,Yes,30,76.9,3,Active,,,7,485.1
C1449,2025-10-20,2025-10-01,Basic,19,United Kingdom,Partner,Partial,Yes,30,53.6,2,Active,,,7,93.1
C1450,2025-10-27,2025-10-01,Basic,19,United Kingdom,Partner,Completed,No,0,40.3,3,Churned,2025-12-05,Price too high,3,57.0
C1451,2025-10-26,2025-10-01,Basic,19,Kenya,Organic Search,Completed,Yes,0,36.7,3,Active,,,7,133.0
C1452,2025-10-23,2025-10-01,Standard,49,Nigeria,Social Media,Completed,Yes,10,23.1,0,Active,,,7,308.7
C1453,2025-10-12,2025-10-01,Basic,19,South Africa,Social Media,Not Started,Yes,20,58.0,1,Active,,,7,106.4
C1454,2025-10-21,2025-10-01,Premium,99,United States,Referral,Completed,Yes,0,58.6,1,Active,,,7,693.0
C1455,2025-11-20,2025-11-01,Standard,49,Nigeria,Paid Ads,Completed,No,0,63.7,1,Active,,,6,294.0
C1456,2025-11-09,2025-11-01,Standard,49,United Kingdom,Paid Ads,Partial,Yes,0,54.4,2,Active,,,6,294.0
C1457,2025-11-20,2025-11-01,Standard,49,Kenya,Organic Search,Completed,Yes,0,68.8,3,Active,,,6,294.0
C1458,2025-11-12,2025-11-01,Standard,49,South Africa,Paid Ads,Completed,Yes,0,57.6,0,Active,,,6,294.0
C1459,2025-11-05,2025-11-01,Standard,49,United States,Paid Ads,Completed,No,0,70.9,0,Active,,,6,294.0
C1460,2025-11-20,2025-11-01,Basic,19,United Kingdom,Organic Search,Partial,Yes,10,58.9,4,Churned,2026-02-16,Price too high,4,68.4
C1461,2025-11-17,2025-11-01,Basic,19,Kenya,Organic Search,Completed,No,10,27.9,2,Active,,,6,102.6
C1462,2025-11-09,2025-11-01,Basic,19,United States,Paid Ads,Partial,Yes,0,21.3,2,Active,,,6,114.0
C1463,2025-11-28,2025-11-01,Basic,19,Nigeria,Organic Search,Completed,Yes,20,56.9,3,Active,,,6,91.2
C1464,2025-11-11,2025-11-01,Enterprise,249,Nigeria,Referral,Completed,Yes,30,69.1,0,Active,,,6,1045.8
C1465,2025-11-10,2025-11-01,Standard,49,South Africa,Partner,Completed,Yes,0,60.3,0,Active,,,6,294.0
C1466,2025-11-26,2025-11-01,Basic,19,United States,Paid Ads,Completed,No,30,59.6,2,Active,,,6,79.8
C1467,2025-11-13,2025-11-01,Enterprise,249,South Africa,Paid Ads,Completed,No,10,83.3,0,Active,,,6,1344.6
C1468,2025-11-10,2025-11-01,Basic,19,South Africa,Organic Search,Completed,Yes,0,37.6,3,Active,,,6,114.0
C1469,2025-11-23,2025-11-01,Premium,99,United States,Organic Search,Completed,No,20,61.4,3,Active,,,6,475.2
C1470,2025-11-18,2025-11-01,Standard,49,South Africa,Organic Search,Completed,No,10,34.5,2,Active,,,6,264.6
C1471,2025-11-15,2025-11-01,Premium,99,Nigeria,Paid Ads,Completed,No,0,67.1,1,Active,,,6,594.0
C1472,2025-11-20,2025-11-01,Basic,19,South Africa,Partner,Completed,Yes,10,10.6,1,Active,,,6,102.6
C1473,2025-11-20,2025-11-01,Standard,49,Nigeria,Paid Ads,Completed,Yes,10,81.2,0,Active,,,6,264.6
C1474,2025-11-09,2025-11-01,Basic,19,Nigeria,Partner,Partial,Yes,0,49.1,2,Active,,,6,114.0
C1475,2025-11-23,2025-11-01,Enterprise,249,Nigeria,Referral,Completed,Yes,0,74.1,0,Active,,,6,1494.0
C1476,2025-11-24,2025-11-01,Basic,19,Nigeria,Referral,Completed,No,0,61.7,0,Churned,2026-02-27,Payment issues,4,76.0
C1477,2025-11-24,2025-11-01,Premium,99,South Africa,Paid Ads,Partial,No,0,60.3,2,Active,,,6,594.0
C1478,2025-11-06,2025-11-01,Premium,99,United Kingdom,Organic Search,Completed,Yes,0,74.4,0,Active,,,6,594.0
C1479,2025-11-25,2025-11-01,Standard,49,United Kingdom,Organic Search,Completed,Yes,0,69.6,0,Churned,2026-02-19,Payment issues,4,196.0
C1480,2025-11-11,2025-11-01,Premium,99,United States,Organic Search,Partial,No,0,50.5,0,Active,,,6,594.0
C1481,2025-11-13,2025-11-01,Standard,49,Nigeria,Paid Ads,Completed,Yes,10,21.4,1,Churned,2025-12-11,Missing features,2,88.2
C1482,2025-11-06,2025-11-01,Standard,49,South Africa,Social Media,Completed,No,30,9.6,1,Active,,,6,205.8
C1483,2025-11-01,2025-11-01,Basic,19,United States,Partner,Completed,No,10,38.2,1,Churned,2026-02-08,Price too high,4,68.4
C1484,2025-11-20,2025-11-01,Standard,49,Nigeria,Paid Ads,Completed,Yes,10,48.4,0,Active,,,6,264.6
C1485,2025-11-02,2025-11-01,Basic,19,South Africa,Referral,Completed,Yes,0,36.1,2,Churned,2025-11-14,No longer needed,1,19.0
C1486,2025-11-23,2025-11-01,Basic,19,South Africa,Referral,Completed,Yes,10,47.7,0,Active,,,6,102.6
C1487,2025-11-13,2025-11-01,Basic,19,South Africa,Paid Ads,Partial,Yes,10,26.2,2,Churned,2026-01-11,Missing features,3,51.3
C1488,2025-11-04,2025-11-01,Standard,49,United Kingdom,Referral,Completed,Yes,10,30.6,0,Active,,,6,264.6
C1489,2025-11-28,2025-11-01,Premium,99,United Kingdom,Paid Ads,Not Started,Yes,0,48.3,0,Active,,,6,594.0
C1490,2025-11-06,2025-11-01,Standard,49,Kenya,Paid Ads,Completed,Yes,0,78.1,2,Active,,,6,294.0
C1491,2025-11-20,2025-11-01,Premium,99,United Kingdom,Organic Search,Completed,Yes,10,61.3,2,Churned,2025-12-23,Low usage,2,178.2
C1492,2025-11-11,2025-11-01,Premium,99,South Africa,Paid Ads,Completed,Yes,10,69.9,1,Active,,,6,534.6
C1493,2025-11-22,2025-11-01,Premium,99,South Africa,Social Media,Completed,Yes,0,61.2,0,Active,,,6,594.0
C1494,2025-11-27,2025-11-01,Premium,99,United States,Paid Ads,Partial,Yes,10,72.7,0,Active,,,6,534.6
C1495,2025-11-26,2025-11-01,Standard,49,South Africa,Referral,Completed,Yes,20,73.3,3,Active,,,6,235.2
C1496,2025-11-20,2025-11-01,Basic,19,Kenya,Organic Search,Partial,No,10,27.9,0,Churned,2025-11-09,Low usage,1,17.1
C1497,2025-11-10,2025-11-01,Standard,49,South Africa,Paid Ads,Completed,No,20,73.5,1,Active,,,6,235.2
C1498,2025-11-17,2025-11-01,Standard,49,South Africa,Paid Ads,Completed,No,0,72.9,2,Active,,,6,294.0
C1499,2025-11-17,2025-11-01,Standard,49,South Africa,Partner,Partial,Yes,10,71.5,1,Active,,,6,264.6
C1500,2025-11-20,2025-11-01,Basic,19,United States,Referral,Partial,Yes,20,35.4,2,Active,,,6,91.2
C1501,2025-11-07,2025-11-01,Basic,19,United Kingdom,Referral,Completed,Yes,0,32.3,1,Churned,2025-12-06,Low usage,2,38.0
C1502,2025-11-07,2025-11-01,Basic,19,Kenya,Paid Ads,Completed,No,20,54.6,0,Active,,,6,91.2
C1503,2025-11-18,2025-11-01,Basic,19,Nigeria,Social Media,Completed,Yes,0,38.0,1,Churned,2026-02-13,Price too high,4,76.0
C1504,2025-11-23,2025-11-01,Standard,49,Kenya,Social Media,Completed,Yes,20,61.3,0,Active,,,6,235.2
C1505,2025-11-19,2025-11-01,Basic,19,United States,Referral,Not Started,Yes,0,49.6,3,Active,,,6,114.0
C1506,2025-11-08,2025-11-01,Standard,49,Nigeria,Organic Search,Completed,Yes,0,82.3,3,Active,,,6,294.0
C1507,2025-11-16,2025-11-01,Basic,19,United States,Organic Search,Completed,Yes,0,74.1,3,Active,,,6,114.0
C1508,2025-11-27,2025-11-01,Standard,49,South Africa,Organic Search,Completed,Yes,0,61.9,1,Active,,,6,294.0
C1509,2025-11-06,2025-11-01,Standard,49,South Africa,Organic Search,Completed,No,10,49.7,2,Active,,,6,264.6
C1510,2025-11-08,2025-11-01,Standard,49,United Kingdom,Paid Ads,Partial,No,20,55.1,2,Churned,2026-03-15,Missing features,5,196.0
C1511,2025-11-13,2025-11-01,Basic,19,Nigeria,Organic Search,Partial,No,0,67.7,2,Active,,,6,114.0
C1512,2025-11-19,2025-11-01,Standard,49,South Africa,Social Media,Completed,Yes,0,61.7,3,Active,,,6,294.0
C1513,2025-11-22,2025-11-01,Basic,19,Kenya,Organic Search,Partial,Yes,20,29.4,2,Active,,,6,91.2
C1514,2025-11-19,2025-11-01,Standard,49,United States,Partner,Completed,Yes,0,47.4,5,Active,,,6,294.0
C1515,2025-11-27,2025-11-01,Standard,49,South Africa,Referral,Completed,Yes,0,60.7,2,Active,,,6,294.0
C1516,2025-11-14,2025-11-01,Standard,49,United Kingdom,Paid Ads,Completed,Yes,0,56.8,0,Active,,,6,294.0
C1517,2025-11-22,2025-11-01,Premium,99,South Africa,Partner,Completed,Yes,20,62.6,1,Active,,,6,475.2
C1518,2025-11-26,2025-11-01,Enterprise,249,South Africa,Organic Search,Partial,Yes,0,80.0,0,Active,,,6,1494.0
C1519,2025-11-12,2025-11-01,Standard,49,Kenya,Paid Ads,Completed,Yes,10,68.0,1,Active,,,6,264.6
C1520,2025-11-02,2025-11-01,Basic,19,United States,Paid Ads,Partial,Yes,10,62.7,3,Active,,,6,102.6
C1521,2025-11-25,2025-11-01,Basic,19,United Kingdom,Partner,Completed,No,0,40.8,2,Active,,,6,114.0
C1522,2025-11-21,2025-11-01,Standard,49,United States,Organic Search,Completed,No,10,38.2,0,Churned,2026-02-17,Payment issues,4,176.4
C1523,2025-11-26,2025-11-01,Standard,49,Nigeria,Paid Ads,Partial,Yes,0,52.2,1,Active,,,6,294.0
C1524,2025-11-19,2025-11-01,Basic,19,Kenya,Paid Ads,Partial,Yes,0,54.5,5,Churned,2026-03-03,Payment issues,5,95.0
C1525,2025-11-28,2025-11-01,Basic,19,South Africa,Organic Search,Completed,No,10,61.5,2,Active,,,6,102.6
C1526,2025-11-08,2025-11-01,Basic,19,South Africa,Social Media,Partial,Yes,0,73.6,0,Churned,2025-12-27,Poor onboarding,2,38.0
C1527,2025-11-15,2025-11-01,Enterprise,249,United Kingdom,Organic Search,Completed,No,0,81.1,0,Active,,,6,1494.0
C1528,2025-12-16,2025-12-01,Premium,99,South Africa,Paid Ads,Partial,Yes,0,60.5,2,Active,,,5,495.0
C1529,2025-12-01,2025-12-01,Standard,49,South Africa,Social Media,Completed,Yes,10,50.2,3,Active,,,5,220.5
C1530,2025-12-28,2025-12-01,Basic,19,Kenya,Paid Ads,Partial,Yes,0,7.4,3,Churned,2026-04-13,Low usage,5,95.0
C1531,2025-12-25,2025-12-01,Standard,49,South Africa,Referral,Partial,Yes,10,63.5,2,Active,,,5,220.5
C1532,2025-12-04,2025-12-01,Premium,99,South Africa,Organic Search,Partial,Yes,0,63.4,0,Active,,,5,495.0
C1533,2025-12-07,2025-12-01,Basic,19,Kenya,Social Media,Partial,Yes,20,68.4,1,Churned,2026-04-26,No longer needed,5,76.0
C1534,2025-12-15,2025-12-01,Premium,99,United Kingdom,Organic Search,Completed,No,20,66.2,0,Active,,,5,396.0
C1535,2025-12-25,2025-12-01,Standard,49,United Kingdom,Organic Search,Completed,Yes,0,85.9,2,Active,,,5,245.0
C1536,2025-12-07,2025-12-01,Basic,19,Nigeria,Paid Ads,Completed,Yes,20,35.3,1,Active,,,5,76.0
C1537,2025-12-04,2025-12-01,Standard,49,United States,Referral,Partial,No,0,64.7,1,Active,,,5,245.0
C1538,2025-12-13,2025-12-01,Standard,49,South Africa,Organic Search,Partial,Yes,10,55.1,3,Active,,,5,220.5
C1539,2025-12-25,2025-12-01,Standard,49,Nigeria,Social Media,Completed,Yes,10,60.6,1,Active,,,5,220.5
C1540,2025-12-11,2025-12-01,Basic,19,Kenya,Partner,Completed,No,0,36.4,0,Active,,,5,95.0
C1541,2025-12-25,2025-12-01,Enterprise,249,South Africa,Paid Ads,Completed,No,10,75.0,1,Active,,,5,1120.5
C1542,2025-12-16,2025-12-01,Basic,19,South Africa,Referral,Partial,Yes,0,65.9,2,Active,,,5,95.0
C1543,2025-12-18,2025-12-01,Standard,49,Nigeria,Organic Search,Not Started,No,30,44.8,0,Churned,2026-02-02,Missing features,3,102.9
C1544,2025-12-21,2025-12-01,Standard,49,Nigeria,Organic Search,Partial,No,0,48.1,0,Active,,,5,245.0
C1545,2025-12-21,2025-12-01,Premium,99,South Africa,Organic Search,Completed,Yes,10,100,1,Churned,2025-12-10,Competitor switch,1,89.1
C1546,2025-12-03,2025-12-01,Basic,19,Kenya,Social Media,Completed,No,0,47.5,1,Active,,,5,95.0
C1547,2025-12-22,2025-12-01,Basic,19,United Kingdom,Partner,Partial,Yes,0,36.5,2,Active,,,5,95.0
C1548,2025-12-03,2025-12-01,Basic,19,South Africa,Organic Search,Completed,No,10,51.2,2,Active,,,5,85.5
C1549,2025-12-28,2025-12-01,Premium,99,South Africa,Organic Search,Completed,No,0,58.2,0,Churned,2025-12-23,Poor onboarding,1,99.0
C1550,2025-12-25,2025-12-01,Premium,99,Nigeria,Social Media,Completed,Yes,0,60.7,1,Active,,,5,495.0
C1551,2025-12-23,2025-12-01,Basic,19,United Kingdom,Referral,Completed,No,0,0,2,Churned,2026-01-07,Price too high,2,38.0
C1552,2025-12-25,2025-12-01,Standard,49,South Africa,Paid Ads,Completed,Yes,0,79.4,1,Churned,2025-12-26,Price too high,1,49.0
C1553,2025-12-06,2025-12-01,Premium,99,United States,Paid Ads,Completed,Yes,0,67.4,0,Active,,,5,495.0
C1554,2025-12-24,2025-12-01,Premium,99,United Kingdom,Organic Search,Completed,Yes,10,91.1,1,Active,,,5,445.5
C1555,2025-12-14,2025-12-01,Basic,19,Nigeria,Paid Ads,Completed,No,0,52.6,3,Churned,2026-03-28,Price too high,4,76.0
C1556,2025-12-02,2025-12-01,Premium,99,South Africa,Paid Ads,Not Started,Yes,0,77.8,0,Churned,2026-01-21,Missing features,2,198.0
C1557,2025-12-19,2025-12-01,Basic,19,Nigeria,Organic Search,Partial,Yes,0,53.1,2,Active,,,5,95.0
C1558,2025-12-21,2025-12-01,Premium,99,Kenya,Social Media,Completed,Yes,0,100,0,Active,,,5,495.0
C1559,2025-12-16,2025-12-01,Standard,49,United States,Organic Search,Partial,No,0,65.6,0,Active,,,5,245.0
C1560,2025-12-05,2025-12-01,Standard,49,United States,Referral,Completed,Yes,30,91.0,0,Active,,,5,171.5
C1561,2025-12-26,2025-12-01,Standard,49,Nigeria,Paid Ads,Completed,Yes,10,67.9,0,Churned,2026-03-07,Price too high,4,176.4
C1562,2025-12-16,2025-12-01,Basic,19,Kenya,Organic Search,Completed,Yes,10,38.8,1,Active,,,5,85.5
C1563,2025-12-06,2025-12-01,Standard,49,South Africa,Referral,Completed,Yes,20,62.3,0,Active,,,5,196.0
C1564,2025-12-14,2025-12-01,Premium,99,Nigeria,Organic Search,Completed,Yes,0,70.5,0,Active,,,5,495.0
C1565,2025-12-17,2025-12-01,Standard,49,Nigeria,Partner,Partial,Yes,0,83.4,0,Active,,,5,245.0
C1566,2025-12-03,2025-12-01,Basic,19,South Africa,Paid Ads,Completed,Yes,10,15.2,1,Active,,,5,85.5
C1567,2025-12-23,2025-12-01,Standard,49,United Kingdom,Social Media,Completed,Yes,0,65.4,3,Active,,,5,245.0
C1568,2025-12-16,2025-12-01,Basic,19,South Africa,Paid Ads,Completed,Yes,20,10.1,2,Active,,,5,76.0
C1569,2025-12-23,2025-12-01,Standard,49,Nigeria,Referral,Completed,No,0,73.5,0,Churned,2026-01-10,No longer needed,2,98.0
C1570,2025-12-05,2025-12-01,Basic,19,South Africa,Organic Search,Completed,Yes,0,7.3,2,Active,,,5,95.0
C1571,2025-12-15,2025-12-01,Standard,49,South Africa,Paid Ads,Completed,Yes,20,57.7,1,Active,,,5,196.0
C1572,2025-12-21,2025-12-01,Standard,49,Nigeria,Paid Ads,Completed,No,20,48.3,0,Active,,,5,196.0
C1573,2025-12-06,2025-12-01,Basic,19,South Africa,Social Media,Completed,Yes,20,47.2,1,Active,,,5,76.0
C1574,2025-12-06,2025-12-01,Basic,19,United States,Referral,Not Started,No,10,40.5,1,Active,,,5,85.5
C1575,2025-12-11,2025-12-01,Basic,19,South Africa,Organic Search,Completed,Yes,10,26.7,1,Active,,,5,85.5
C1576,2025-12-06,2025-12-01,Enterprise,249,South Africa,Paid Ads,Completed,No,20,69.0,0,Active,,,5,996.0
C1577,2025-12-18,2025-12-01,Premium,99,South Africa,Partner,Partial,Yes,0,86.0,0,Active,,,5,495.0
C1578,2025-12-19,2025-12-01,Enterprise,249,Kenya,Organic Search,Completed,Yes,10,72.5,0,Churned,2026-04-04,Low usage,5,1120.5
C1579,2025-12-03,2025-12-01,Basic,19,United States,Paid Ads,Completed,Yes,20,32.6,3,Active,,,5,76.0
C1580,2025-12-22,2025-12-01,Basic,19,South Africa,Social Media,Completed,Yes,0,40.4,1,Active,,,5,95.0
C1581,2025-12-05,2025-12-01,Enterprise,249,United States,Paid Ads,Completed,Yes,0,74.0,0,Active,,,5,1245.0
C1582,2025-12-15,2025-12-01,Standard,49,Kenya,Organic Search,Completed,Yes,10,57.0,0,Active,,,5,220.5
C1583,2025-12-20,2025-12-01,Standard,49,Nigeria,Social Media,Completed,No,30,68.5,2,Churned,2026-04-25,Low usage,5,171.5
C1584,2025-12-06,2025-12-01,Basic,19,Kenya,Organic Search,Partial,Yes,0,17.4,1,Active,,,5,95.0
C1585,2025-12-27,2025-12-01,Standard,49,South Africa,Social Media,Partial,Yes,20,39.9,0,Active,,,5,196.0
C1586,2025-12-04,2025-12-01,Basic,19,Kenya,Referral,Completed,Yes,10,22.4,0,Active,,,5,85.5
C1587,2025-12-03,2025-12-01,Basic,19,South Africa,Partner,Completed,Yes,0,30.1,1,Active,,,5,95.0
C1588,2025-12-24,2025-12-01,Enterprise,249,United Kingdom,Paid Ads,Completed,Yes,0,47.0,0,Active,,,5,1245.0
C1589,2025-12-14,2025-12-01,Basic,19,South Africa,Organic Search,Completed,Yes,10,14.6,0,Churned,2026-01-25,Missing features,2,34.2
C1590,2025-12-11,2025-12-01,Standard,49,Kenya,Organic Search,Partial,Yes,10,81.4,0,Active,,,5,220.5
C1591,2025-12-01,2025-12-01,Basic,19,Kenya,Social Media,Partial,Yes,30,53.5,2,Churned,2026-01-05,Poor onboarding,2,26.6
C1592,2025-12-23,2025-12-01,Premium,99,United Kingdom,Paid Ads,Completed,Yes,20,80.8,0,Active,,,5,396.0
C1593,2025-12-01,2025-12-01,Standard,49,South Africa,Social Media,Completed,No,20,42.6,1,Active,,,5,196.0
C1594,2025-12-01,2025-12-01,Standard,49,Nigeria,Referral,Completed,No,10,57.7,0,Active,,,5,220.5
C1595,2025-12-25,2025-12-01,Basic,19,United States,Paid Ads,Partial,No,0,45.5,1,Churned,2026-04-19,Price too high,5,95.0
C1596,2025-12-22,2025-12-01,Basic,19,South Africa,Organic Search,Completed,Yes,10,52.1,2,Active,,,5,85.5
C1597,2026-01-19,2026-01-01,Basic,19,United Kingdom,Organic Search,Completed,No,0,40.1,1,Active,,,4,76.0
C1598,2026-01-07,2026-01-01,Basic,19,Kenya,Organic Search,Completed,No,0,52.7,1,Active,,,4,76.0
C1599,2026-01-16,2026-01-01,Premium,99,United States,Social Media,Completed,No,0,24.6,0,Active,,,4,396.0
C1600,2026-01-04,2026-01-01,Basic,19,South Africa,Organic Search,Completed,Yes,10,61.9,2,Active,,,4,68.4
C1601,2026-01-16,2026-01-01,Basic,19,United Kingdom,Organic Search,Completed,Yes,30,28.4,2,Active,,,4,53.2
C1602,2026-01-07,2026-01-01,Standard,49,South Africa,Social Media,Partial,No,0,67.8,3,Churned,2026-04-22,Price too high,4,196.0
C1603,2026-01-05,2026-01-01,Standard,49,Kenya,Organic Search,Not Started,No,20,28.1,0,Churned,2026-03-07,Low usage,3,117.6
C1604,2026-01-27,2026-01-01,Standard,49,United States,Organic Search,Partial,No,10,75.0,0,Active,,,4,176.4
C1605,2026-01-22,2026-01-01,Premium,99,United States,Paid Ads,Completed,Yes,20,79.6,0,Active,,,4,316.8
C1606,2026-01-05,2026-01-01,Basic,19,Nigeria,Referral,Partial,Yes,0,32.9,4,Churned,2026-03-05,Low usage,3,57.0
C1607,2026-01-17,2026-01-01,Standard,49,United Kingdom,Referral,Completed,Yes,10,63.5,1,Active,,,4,176.4
C1608,2026-01-25,2026-01-01,Basic,19,United States,Paid Ads,Not Started,Yes,0,12.3,3,Active,,,4,76.0
C1609,2026-01-28,2026-01-01,Standard,49,South Africa,Paid Ads,Completed,Yes,0,61.8,2,Active,,,4,196.0
C1610,2026-01-18,2026-01-01,Standard,49,Kenya,Paid Ads,Completed,No,10,21.2,0,Active,,,4,176.4
C1611,2026-01-12,2026-01-01,Standard,49,United States,Referral,Completed,Yes,0,36.5,1,Active,,,4,196.0
C1612,2026-01-21,2026-01-01,Premium,99,Kenya,Referral,Completed,Yes,0,55.4,0,Active,,,4,396.0
C1613,2026-01-23,2026-01-01,Basic,19,Kenya,Referral,Completed,Yes,0,50.8,3,Active,,,4,76.0
C1614,2026-01-09,2026-01-01,Premium,99,Kenya,Social Media,Completed,Yes,10,76.1,2,Active,,,4,356.4
C1615,2026-01-07,2026-01-01,Basic,19,Nigeria,Referral,Partial,Yes,10,46.6,1,Active,,,4,68.4
C1616,2026-01-26,2026-01-01,Standard,49,Nigeria,Social Media,Completed,Yes,0,76.2,3,Active,,,4,196.0
C1617,2026-01-23,2026-01-01,Premium,99,Kenya,Partner,Completed,Yes,20,86.0,1,Active,,,4,316.8
C1618,2026-01-10,2026-01-01,Basic,19,United Kingdom,Referral,Completed,Yes,0,37.3,1,Active,,,4,76.0
C1619,2026-01-01,2026-01-01,Standard,49,Kenya,Paid Ads,Completed,Yes,10,57.6,0,Active,,,4,176.4
C1620,2026-01-26,2026-01-01,Premium,99,South Africa,Referral,Completed,Yes,10,54.4,0,Active,,,4,356.4
C1621,2026-01-22,2026-01-01,Basic,19,South Africa,Organic Search,Completed,No,20,23.7,2,Active,,,4,60.8
C1622,2026-01-06,2026-01-01,Premium,99,South Africa,Organic Search,Completed,Yes,0,35.5,1,Active,,,4,396.0
C1623,2026-01-14,2026-01-01,Premium,99,Nigeria,Paid Ads,Completed,Yes,0,94.4,0,Active,,,4,396.0
C1624,2026-01-02,2026-01-01,Basic,19,Kenya,Referral,Completed,No,0,62.4,3,Active,,,4,76.0
C1625,2026-01-12,2026-01-01,Premium,99,United States,Paid Ads,Completed,No,20,65.3,0,Active,,,4,316.8
C1626,2026-01-22,2026-01-01,Standard,49,Nigeria,Organic Search,Not Started,Yes,20,25.0,2,Active,,,4,156.8
C1627,2026-01-19,2026-01-01,Basic,19,United Kingdom,Organic Search,Partial,No,0,5.3,1,Churned,2026-02-09,Low usage,2,38.0
C1628,2026-01-12,2026-01-01,Basic,19,Kenya,Paid Ads,Completed,Yes,0,11.5,1,Active,,,4,76.0
C1629,2026-01-12,2026-01-01,Premium,99,South Africa,Paid Ads,Not Started,Yes,20,61.6,1,Active,,,4,316.8
C1630,2026-01-08,2026-01-01,Enterprise,249,United Kingdom,Social Media,Completed,No,20,74.7,0,Active,,,4,796.8
C1631,2026-01-01,2026-01-01,Standard,49,South Africa,Paid Ads,Not Started,Yes,0,75.7,2,Active,,,4,196.0
C1632,2026-01-15,2026-01-01,Basic,19,South Africa,Social Media,Partial,Yes,0,34.3,0,Active,,,4,76.0
C1633,2026-01-14,2026-01-01,Premium,99,United States,Paid Ads,Completed,No,0,42.8,2,Active,,,4,396.0
C1634,2026-01-24,2026-01-01,Basic,19,South Africa,Paid Ads,Completed,Yes,0,36.8,2,Active,,,4,76.0
C1635,2026-01-13,2026-01-01,Standard,49,United Kingdom,Organic Search,Completed,Yes,0,30.9,1,Active,,,4,196.0
C1636,2026-01-20,2026-01-01,Standard,49,Kenya,Organic Search,Completed,Yes,10,72.6,0,Active,,,4,176.4
C1637,2026-01-07,2026-01-01,Standard,49,United Kingdom,Social Media,Completed,Yes,20,28.6,2,Active,,,4,156.8
C1638,2026-01-20,2026-01-01,Basic,19,South Africa,Paid Ads,Not Started,Yes,10,52.7,0,Churned,2026-04-20,Missing features,4,68.4
C1639,2026-01-19,2026-01-01,Basic,19,South Africa,Paid Ads,Completed,No,0,16.0,3,Active,,,4,76.0
C1640,2026-01-28,2026-01-01,Basic,19,United Kingdom,Organic Search,Partial,Yes,0,63.3,2,Active,,,4,76.0
C1641,2026-01-07,2026-01-01,Basic,19,United Kingdom,Referral,Completed,Yes,0,30.9,1,Active,,,4,76.0
C1642,2026-01-15,2026-01-01,Premium,99,Nigeria,Referral,Partial,No,0,79.1,2,Active,,,4,396.0
C1643,2026-01-03,2026-01-01,Basic,19,Nigeria,Referral,Completed,Yes,20,54.4,2,Active,,,4,60.8
C1644,2026-01-24,2026-01-01,Premium,99,United States,Referral,Completed,Yes,30,73.5,1,Active,,,4,277.2
C1645,2026-01-06,2026-01-01,Basic,19,United States,Organic Search,Not Started,No,0,42.3,2,Active,,,4,76.0
C1646,2026-01-02,2026-01-01,Standard,49,South Africa,Organic Search,Not Started,Yes,0,79.3,2,Active,,,4,196.0
C1647,2026-01-09,2026-01-01,Premium,99,South Africa,Social Media,Completed,No,10,67.2,0,Active,,,4,356.4
C1648,2026-01-15,2026-01-01,Standard,49,United States,Referral,Completed,Yes,0,56.0,2,Active,,,4,196.0
C1649,2026-01-02,2026-01-01,Standard,49,United States,Partner,Completed,Yes,0,61.4,0,Active,,,4,196.0
C1650,2026-01-10,2026-01-01,Basic,19,Nigeria,Organic Search,Completed,Yes,20,63.4,2,Active,,,4,60.8
C1651,2026-01-19,2026-01-01,Standard,49,United States,Paid Ads,Completed,Yes,0,67.9,2,Active,,,4,196.0
C1652,2026-01-12,2026-01-01,Basic,19,United States,Organic Search,Partial,Yes,0,80.7,0,Active,,,4,76.0
C1653,2026-01-20,2026-01-01,Standard,49,Nigeria,Partner,Completed,Yes,0,34.2,1,Active,,,4,196.0
C1654,2026-01-05,2026-01-01,Enterprise,249,United States,Social Media,Completed,Yes,0,64.5,0,Active,,,4,996.0
C1655,2026-01-06,2026-01-01,Enterprise,249,Nigeria,Paid Ads,Completed,Yes,0,83.5,1,Active,,,4,996.0
C1656,2026-01-05,2026-01-01,Basic,19,Kenya,Partner,Completed,No,0,74.8,3,Active,,,4,76.0
C1657,2026-01-17,2026-01-01,Basic,19,Kenya,Social Media,Completed,Yes,10,58.4,2,Churned,2026-04-26,Low usage,4,68.4
C1658,2026-01-17,2026-01-01,Basic,19,Kenya,Organic Search,Completed,No,0,62.6,1,Active,,,4,76.0
C1659,2026-01-14,2026-01-01,Standard,49,Kenya,Organic Search,Completed,No,10,74.8,3,Active,,,4,176.4
C1660,2026-01-18,2026-01-01,Basic,19,Nigeria,Paid Ads,Completed,Yes,0,59.4,2,Active,,,4,76.0
C1661,2026-01-03,2026-01-01,Standard,49,South Africa,Organic Search,Partial,Yes,20,60.5,1,Active,,,4,156.8
C1662,2026-02-11,2026-02-01,Basic,19,Nigeria,Referral,Partial,Yes,0,27.1,1,Active,,,3,57.0
C1663,2026-02-24,2026-02-01,Premium,99,South Africa,Organic Search,Partial,Yes,0,83.9,0,Active,,,3,297.0
C1664,2026-02-13,2026-02-01,Basic,19,Kenya,Paid Ads,Completed,Yes,10,75.8,0,Active,,,3,51.3
C1665,2026-02-13,2026-02-01,Basic,19,Kenya,Referral,Completed,Yes,20,46.6,1,Active,,,3,45.6
C1666,2026-02-05,2026-02-01,Basic,19,South Africa,Paid Ads,Completed,No,0,32.7,1,Active,,,3,57.0
C1667,2026-02-06,2026-02-01,Standard,49,Nigeria,Organic Search,Completed,Yes,0,82.1,0,Active,,,3,147.0
C1668,2026-02-13,2026-02-01,Basic,19,South Africa,Social Media,Completed,No,30,46.1,2,Active,,,3,39.9
C1669,2026-02-10,2026-02-01,Standard,49,Kenya,Paid Ads,Completed,No,30,75.7,1,Active,,,3,102.9
C1670,2026-02-01,2026-02-01,Premium,99,South Africa,Organic Search,Completed,No,0,56.2,1,Active,,,3,297.0
C1671,2026-02-23,2026-02-01,Standard,49,United States,Paid Ads,Partial,Yes,0,48.2,1,Active,,,3,147.0
C1672,2026-02-28,2026-02-01,Standard,49,Kenya,Partner,Completed,Yes,10,72.5,0,Active,,,3,132.3
C1673,2026-02-26,2026-02-01,Premium,99,Kenya,Referral,Completed,Yes,10,22.8,1,Active,,,3,267.3
C1674,2026-02-16,2026-02-01,Standard,49,South Africa,Organic Search,Not Started,Yes,0,73.0,2,Churned,2026-02-12,Payment issues,1,49.0
C1675,2026-02-17,2026-02-01,Basic,19,South Africa,Social Media,Completed,Yes,0,50.4,2,Active,,,3,57.0
C1676,2026-02-02,2026-02-01,Basic,19,Nigeria,Paid Ads,Partial,No,20,46.9,0,Active,,,3,45.6
C1677,2026-02-26,2026-02-01,Basic,19,South Africa,Partner,Completed,Yes,10,10.7,2,Active,,,3,51.3
C1678,2026-02-04,2026-02-01,Enterprise,249,United Kingdom,Organic Search,Completed,Yes,10,82.5,1,Active,,,3,672.3
C1679,2026-02-05,2026-02-01,Standard,49,Nigeria,Social Media,Completed,No,0,48.2,0,Active,,,3,147.0
C1680,2026-02-11,2026-02-01,Standard,49,South Africa,Social Media,Completed,No,0,55.5,2,Active,,,3,147.0
C1681,2026-02-26,2026-02-01,Basic,19,United Kingdom,Paid Ads,Completed,Yes,0,48.4,4,Active,,,3,57.0
C1682,2026-02-05,2026-02-01,Premium,99,Nigeria,Organic Search,Completed,Yes,0,73.6,0,Active,,,3,297.0
C1683,2026-02-02,2026-02-01,Premium,99,Nigeria,Paid Ads,Partial,Yes,10,56.2,0,Active,,,3,267.3
C1684,2026-02-13,2026-02-01,Standard,49,Nigeria,Organic Search,Partial,No,0,79.1,0,Active,,,3,147.0
C1685,2026-02-05,2026-02-01,Premium,99,United States,Referral,Completed,Yes,20,64.0,0,Active,,,3,237.6
C1686,2026-02-13,2026-02-01,Standard,49,United States,Social Media,Completed,Yes,0,63.9,0,Active,,,3,147.0
C1687,2026-02-07,2026-02-01,Premium,99,Kenya,Paid Ads,Completed,No,0,89.0,1,Churned,2026-04-19,Low usage,3,297.0
C1688,2026-02-17,2026-02-01,Premium,99,South Africa,Paid Ads,Completed,Yes,0,74.9,1,Churned,2026-04-04,Low usage,3,297.0
C1689,2026-02-08,2026-02-01,Standard,49,South Africa,Organic Search,Completed,No,10,76.4,0,Active,,,3,132.3
C1690,2026-02-26,2026-02-01,Standard,49,Nigeria,Organic Search,Completed,Yes,10,67.3,0,Active,,,3,132.3
C1691,2026-02-15,2026-02-01,Standard,49,South Africa,Social Media,Partial,Yes,0,81.2,2,Active,,,3,147.0
C1692,2026-02-17,2026-02-01,Standard,49,Nigeria,Paid Ads,Partial,No,10,39.1,2,Active,,,3,132.3
C1693,2026-02-24,2026-02-01,Enterprise,249,Kenya,Partner,Completed,Yes,10,100,0,Active,,,3,672.3
C1694,2026-02-07,2026-02-01,Standard,49,United States,Organic Search,Completed,Yes,30,53.5,1,Active,,,3,102.9
C1695,2026-02-10,2026-02-01,Premium,99,South Africa,Paid Ads,Completed,No,0,80.1,1,Active,,,3,297.0
C1696,2026-02-02,2026-02-01,Premium,99,South Africa,Paid Ads,Completed,Yes,10,84.2,0,Churned,2026-04-12,Price too high,3,267.3
C1697,2026-02-15,2026-02-01,Basic,19,Nigeria,Organic Search,Completed,No,10,69.4,0,Active,,,3,51.3
C1698,2026-02-15,2026-02-01,Standard,49,Nigeria,Paid Ads,Completed,Yes,10,75.2,3,Active,,,3,132.3
C1699,2026-02-22,2026-02-01,Premium,99,Nigeria,Organic Search,Completed,No,10,92.6,0,Active,,,3,267.3
C1700,2026-02-04,2026-02-01,Premium,99,United Kingdom,Paid Ads,Not Started,Yes,20,65.3,0,Active,,,3,237.6
C1701,2026-02-01,2026-02-01,Standard,49,United Kingdom,Paid Ads,Completed,Yes,20,88.7,3,Active,,,3,117.6
C1702,2026-02-26,2026-02-01,Standard,49,United States,Paid Ads,Completed,Yes,30,42.5,1,Active,,,3,102.9
C1703,2026-02-13,2026-02-01,Basic,19,South Africa,Paid Ads,Completed,Yes,0,43.6,2,Active,,,3,57.0
C1704,2026-02-06,2026-02-01,Basic,19,South Africa,Paid Ads,Completed,No,0,86.8,3,Churned,2026-02-14,Payment issues,1,19.0
C1705,2026-02-02,2026-02-01,Basic,19,United States,Social Media,Completed,Yes,20,52.8,4,Active,,,3,45.6
C1706,2026-02-14,2026-02-01,Basic,19,South Africa,Paid Ads,Completed,No,0,48.0,2,Active,,,3,57.0
C1707,2026-02-21,2026-02-01,Standard,49,South Africa,Referral,Completed,Yes,10,61.4,0,Active,,,3,132.3
C1708,2026-02-26,2026-02-01,Enterprise,249,Nigeria,Partner,Not Started,Yes,0,79.4,3,Active,,,3,747.0
C1709,2026-02-06,2026-02-01,Enterprise,249,Kenya,Referral,Completed,Yes,20,100,0,Active,,,3,597.6
C1710,2026-02-17,2026-02-01,Basic,19,Kenya,Paid Ads,Completed,Yes,0,41.9,2,Active,,,3,57.0
C1711,2026-02-14,2026-02-01,Premium,99,United Kingdom,Partner,Partial,No,30,75.2,2,Active,,,3,207.9
C1712,2026-02-22,2026-02-01,Enterprise,249,United Kingdom,Organic Search,Completed,Yes,0,94.4,0,Active,,,3,747.0
C1713,2026-02-01,2026-02-01,Standard,49,South Africa,Paid Ads,Partial,No,20,49.3,0,Active,,,3,117.6
C1714,2026-02-01,2026-02-01,Premium,99,Kenya,Organic Search,Completed,Yes,30,95.9,0,Active,,,3,207.9
C1715,2026-02-26,2026-02-01,Standard,49,Nigeria,Social Media,Completed,No,0,57.2,1,Active,,,3,147.0
C1716,2026-02-12,2026-02-01,Basic,19,South Africa,Partner,Completed,No,0,55.9,4,Active,,,3,57.0
C1717,2026-02-23,2026-02-01,Enterprise,249,South Africa,Paid Ads,Completed,No,0,74.7,0,Active,,,3,747.0
C1718,2026-02-22,2026-02-01,Standard,49,Nigeria,Paid Ads,Completed,Yes,10,56.1,0,Active,,,3,132.3
C1719,2026-02-17,2026-02-01,Basic,19,United States,Social Media,Partial,Yes,30,42.1,1,Active,,,3,39.9
C1720,2026-02-01,2026-02-01,Standard,49,Kenya,Social Media,Not Started,Yes,30,81.8,0,Active,,,3,102.9
C1721,2026-02-15,2026-02-01,Enterprise,249,South Africa,Referral,Completed,No,0,56.3,0,Active,,,3,747.0
C1722,2026-02-11,2026-02-01,Standard,49,Nigeria,Paid Ads,Completed,No,30,78.4,2,Active,,,3,102.9
C1723,2026-02-10,2026-02-01,Basic,19,South Africa,Organic Search,Completed,Yes,0,67.3,2,Active,,,3,57.0
C1724,2026-02-16,2026-02-01,Premium,99,United States,Organic Search,Completed,Yes,20,71.2,2,Active,,,3,237.6
C1725,2026-02-21,2026-02-01,Premium,99,Kenya,Referral,Not Started,No,0,61.2,1,Active,,,3,297.0
C1726,2026-02-26,2026-02-01,Standard,49,United Kingdom,Organic Search,Completed,Yes,10,43.8,1,Active,,,3,132.3
C1727,2026-02-25,2026-02-01,Basic,19,Nigeria,Organic Search,Partial,Yes,0,13.5,3,Active,,,3,57.0
C1728,2026-02-21,2026-02-01,Basic,19,Kenya,Organic Search,Completed,Yes,0,73.1,1,Active,,,3,57.0
C1729,2026-03-21,2026-03-01,Premium,99,South Africa,Paid Ads,Completed,Yes,0,66.2,0,Active,,,2,198.0
C1730,2026-03-17,2026-03-01,Basic,19,South Africa,Paid Ads,Completed,No,20,43.1,4,Active,,,2,30.4
C1731,2026-03-01,2026-03-01,Basic,19,Nigeria,Paid Ads,Completed,Yes,20,36.5,0,Active,,,2,30.4
C1732,2026-03-21,2026-03-01,Basic,19,Nigeria,Partner,Completed,Yes,10,41.1,3,Active,,,2,34.2
C1733,2026-03-11,2026-03-01,Standard,49,Nigeria,Paid Ads,Completed,Yes,20,40.8,0,Churned,2026-03-01,Poor onboarding,1,39.2
C1734,2026-03-16,2026-03-01,Standard,49,Nigeria,Organic Search,Completed,No,0,45.5,1,Active,,,2,98.0
C1735,2026-03-01,2026-03-01,Enterprise,249,Nigeria,Organic Search,Completed,Yes,20,33.8,0,Active,,,2,398.4
C1736,2026-03-08,2026-03-01,Enterprise,249,South Africa,Organic Search,Completed,Yes,0,74.6,2,Active,,,2,498.0
C1737,2026-03-22,2026-03-01,Premium,99,United States,Organic Search,Partial,Yes,0,51.1,2,Active,,,2,198.0
C1738,2026-03-17,2026-03-01,Basic,19,Nigeria,Organic Search,Partial,No,0,63.9,6,Active,,,2,38.0
C1739,2026-03-13,2026-03-01,Premium,99,United Kingdom,Organic Search,Completed,Yes,30,61.0,0,Active,,,2,138.6
C1740,2026-03-05,2026-03-01,Standard,49,United States,Organic Search,Partial,No,20,43.2,1,Active,,,2,78.4
C1741,2026-03-16,2026-03-01,Premium,99,South Africa,Organic Search,Completed,Yes,20,75.3,1,Active,,,2,158.4
C1742,2026-03-23,2026-03-01,Basic,19,Nigeria,Organic Search,Partial,Yes,0,20.0,0,Active,,,2,38.0
C1743,2026-03-08,2026-03-01,Premium,99,Kenya,Organic Search,Completed,Yes,0,89.7,2,Active,,,2,198.0
C1744,2026-03-03,2026-03-01,Basic,19,United States,Organic Search,Completed,Yes,10,31.9,2,Active,,,2,34.2
C1745,2026-03-14,2026-03-01,Standard,49,Nigeria,Paid Ads,Completed,Yes,0,63.6,0,Active,,,2,98.0
C1746,2026-03-17,2026-03-01,Basic,19,United States,Organic Search,Partial,No,0,59.6,0,Active,,,2,38.0
C1747,2026-03-11,2026-03-01,Basic,19,South Africa,Organic Search,Partial,No,0,41.9,2,Active,,,2,38.0
C1748,2026-03-18,2026-03-01,Basic,19,United States,Referral,Completed,No,20,73.8,2,Active,,,2,30.4
C1749,2026-03-16,2026-03-01,Basic,19,Kenya,Referral,Not Started,No,0,42.8,0,Active,,,2,38.0
C1750,2026-03-18,2026-03-01,Basic,19,South Africa,Paid Ads,Completed,No,0,0,2,Active,,,2,38.0
C1751,2026-03-15,2026-03-01,Premium,99,United Kingdom,Organic Search,Completed,No,0,41.2,1,Active,,,2,198.0
C1752,2026-03-08,2026-03-01,Standard,49,Kenya,Paid Ads,Completed,No,10,54.4,0,Active,,,2,88.2
C1753,2026-03-05,2026-03-01,Basic,19,United Kingdom,Partner,Completed,No,20,57.3,5,Active,,,2,30.4
C1754,2026-03-03,2026-03-01,Basic,19,Nigeria,Partner,Completed,Yes,0,35.8,1,Active,,,2,38.0
C1755,2026-03-02,2026-03-01,Basic,19,South Africa,Paid Ads,Completed,Yes,20,41.5,2,Active,,,2,30.4
C1756,2026-03-15,2026-03-01,Basic,19,South Africa,Paid Ads,Completed,No,0,22.3,3,Active,,,2,38.0
C1757,2026-03-03,2026-03-01,Basic,19,Kenya,Paid Ads,Completed,No,0,51.7,0,Active,,,2,38.0
C1758,2026-03-10,2026-03-01,Standard,49,South Africa,Paid Ads,Partial,Yes,0,83.0,0,Active,,,2,98.0
C1759,2026-03-17,2026-03-01,Basic,19,Nigeria,Social Media,Completed,Yes,0,32.9,1,Churned,2026-04-12,Poor onboarding,2,38.0
C1760,2026-03-26,2026-03-01,Standard,49,South Africa,Referral,Completed,Yes,0,78.5,2,Active,,,2,98.0
C1761,2026-03-23,2026-03-01,Standard,49,United Kingdom,Organic Search,Partial,Yes,10,42.9,2,Active,,,2,88.2
C1762,2026-03-07,2026-03-01,Premium,99,United Kingdom,Referral,Partial,Yes,0,65.5,2,Active,,,2,198.0
C1763,2026-03-06,2026-03-01,Standard,49,United Kingdom,Paid Ads,Completed,Yes,10,47.9,1,Active,,,2,88.2
C1764,2026-03-13,2026-03-01,Basic,19,United Kingdom,Social Media,Partial,Yes,10,65.4,2,Active,,,2,34.2
C1765,2026-03-23,2026-03-01,Standard,49,South Africa,Referral,Partial,No,0,61.2,2,Churned,2026-03-06,Low usage,1,49.0
C1766,2026-03-25,2026-03-01,Standard,49,Nigeria,Organic Search,Completed,Yes,10,54.9,2,Active,,,2,88.2
C1767,2026-03-21,2026-03-01,Standard,49,Nigeria,Organic Search,Partial,No,0,59.0,2,Active,,,2,98.0
C1768,2026-03-25,2026-03-01,Basic,19,South Africa,Social Media,Partial,Yes,0,20.1,2,Churned,2026-03-11,Competitor switch,1,19.0
C1769,2026-03-04,2026-03-01,Standard,49,South Africa,Partner,Completed,Yes,0,71.0,2,Active,,,2,98.0
C1770,2026-03-07,2026-03-01,Basic,19,Kenya,Organic Search,Completed,Yes,0,11.6,3,Active,,,2,38.0
C1771,2026-03-07,2026-03-01,Basic,19,Kenya,Organic Search,Partial,Yes,0,36.8,1,Active,,,2,38.0
C1772,2026-03-04,2026-03-01,Basic,19,South Africa,Referral,Not Started,Yes,0,45.7,1,Active,,,2,38.0
C1773,2026-03-25,2026-03-01,Basic,19,Kenya,Paid Ads,Completed,No,0,13.0,1,Active,,,2,38.0
C1774,2026-03-19,2026-03-01,Standard,49,Nigeria,Referral,Partial,Yes,10,42.8,0,Churned,2026-03-20,Poor onboarding,1,44.1
C1775,2026-03-08,2026-03-01,Basic,19,South Africa,Paid Ads,Completed,Yes,0,50.8,1,Active,,,2,38.0
C1776,2026-03-15,2026-03-01,Basic,19,United States,Referral,Completed,Yes,20,39.7,2,Active,,,2,30.4
C1777,2026-03-01,2026-03-01,Enterprise,249,Kenya,Organic Search,Completed,Yes,0,62.0,1,Active,,,2,498.0
C1778,2026-03-08,2026-03-01,Enterprise,249,United Kingdom,Referral,Completed,Yes,0,100,0,Active,,,2,498.0
C1779,2026-03-05,2026-03-01,Basic,19,South Africa,Referral,Completed,Yes,20,32.9,2,Active,,,2,30.4
C1780,2026-03-06,2026-03-01,Standard,49,Nigeria,Paid Ads,Completed,Yes,0,54.5,1,Active,,,2,98.0
C1781,2026-03-03,2026-03-01,Standard,49,South Africa,Social Media,Completed,Yes,0,44.7,2,Active,,,2,98.0
C1782,2026-03-16,2026-03-01,Standard,49,South Africa,Partner,Partial,No,30,52.9,2,Active,,,2,68.6
C1783,2026-03-15,2026-03-01,Basic,19,United Kingdom,Organic Search,Completed,Yes,0,46.2,1,Active,,,2,38.0
C1784,2026-03-28,2026-03-01,Basic,19,United States,Organic Search,Completed,No,30,57.8,0,Active,,,2,26.6
C1785,2026-03-19,2026-03-01,Basic,19,Nigeria,Referral,Not Started,Yes,30,43.9,4,Active,,,2,26.6
C1786,2026-03-25,2026-03-01,Standard,49,United States,Social Media,Completed,No,10,74.2,1,Active,,,2,88.2
C1787,2026-03-02,2026-03-01,Premium,99,United Kingdom,Organic Search,Partial,Yes,10,48.8,2,Active,,,2,178.2
C1788,2026-03-08,2026-03-01,Standard,49,United States,Organic Search,Partial,Yes,20,49.9,0,Active,,,2,78.4
C1789,2026-03-03,2026-03-01,Premium,99,Nigeria,Paid Ads,Completed,No,0,43.5,0,Active,,,2,198.0
C1790,2026-03-10,2026-03-01,Enterprise,249,Kenya,Paid Ads,Not Started,No,0,76.6,0,Active,,,2,498.0
C1791,2026-03-07,2026-03-01,Premium,99,United Kingdom,Organic Search,Completed,No,20,40.1,2,Churned,2026-03-25,Poor onboarding,1,79.2
C1792,2026-03-06,2026-03-01,Standard,49,Kenya,Referral,Completed,Yes,10,50.3,1,Active,,,2,88.2
C1793,2026-03-24,2026-03-01,Standard,49,South Africa,Organic Search,Completed,No,0,68.3,2,Active,,,2,98.0
C1794,2026-03-10,2026-03-01,Standard,49,United States,Organic Search,Completed,Yes,0,85.7,2,Active,,,2,98.0
C1795,2026-03-01,2026-03-01,Standard,49,South Africa,Organic Search,Completed,Yes,20,62.8,0,Active,,,2,78.4
C1796,2026-04-16,2026-04-01,Standard,49,United States,Organic Search,Completed,Yes,20,41.9,1,Active,,,1,39.2
C1797,2026-04-13,2026-04-01,Premium,99,United States,Referral,Partial,No,0,32.4,0,Active,,,1,99.0
C1798,2026-04-01,2026-04-01,Basic,19,United States,Partner,Completed,No,20,14.9,0,Active,,,1,15.2
C1799,2026-04-14,2026-04-01,Standard,49,Kenya,Paid Ads,Completed,No,0,57.2,1,Active,,,1,49.0
C1800,2026-04-22,2026-04-01,Premium,99,United States,Referral,Completed,Yes,0,46.9,1,Active,,,1,99.0
C1801,2026-04-28,2026-04-01,Premium,99,United States,Partner,Completed,Yes,10,67.4,0,Active,,,1,89.1
C1802,2026-04-02,2026-04-01,Premium,99,United Kingdom,Referral,Completed,Yes,10,92.3,2,Active,,,1,89.1
C1803,2026-04-22,2026-04-01,Basic,19,Nigeria,Organic Search,Completed,No,10,31.0,1,Active,,,1,17.1
C1804,2026-04-11,2026-04-01,Enterprise,249,South Africa,Partner,Completed,Yes,10,100,0,Active,,,1,224.1
C1805,2026-04-24,2026-04-01,Basic,19,South Africa,Paid Ads,Completed,Yes,10,12.0,2,Active,,,1,17.1
C1806,2026-04-24,2026-04-01,Basic,19,Nigeria,Social Media,Completed,Yes,20,42.4,0,Active,,,1,15.2
C1807,2026-04-03,2026-04-01,Basic,19,South Africa,Organic Search,Completed,No,10,31.1,3,Active,,,1,17.1
C1808,2026-04-10,2026-04-01,Basic,19,Nigeria,Referral,Partial,No,0,64.6,2,Active,,,1,19.0
C1809,2026-04-20,2026-04-01,Standard,49,United Kingdom,Paid Ads,Completed,No,0,50.8,1,Active,,,1,49.0
C1810,2026-04-05,2026-04-01,Basic,19,South Africa,Referral,Completed,No,10,35.9,1,Active,,,1,17.1
C1811,2026-04-28,2026-04-01,Basic,19,United States,Organic Search,Partial,Yes,10,38.5,0,Active,,,1,17.1
C1812,2026-04-07,2026-04-01,Enterprise,249,Nigeria,Social Media,Completed,No,30,100,0,Active,,,1,174.3
C1813,2026-04-27,2026-04-01,Premium,99,United Kingdom,Organic Search,Not Started,Yes,0,51.1,0,Active,,,1,99.0
C1814,2026-04-17,2026-04-01,Enterprise,249,United Kingdom,Paid Ads,Not Started,No,10,75.9,0,Active,,,1,224.1
C1815,2026-04-02,2026-04-01,Basic,19,United Kingdom,Social Media,Completed,Yes,0,60.6,0,Active,,,1,19.0
C1816,2026-04-24,2026-04-01,Basic,19,South Africa,Organic Search,Completed,No,0,52.7,3,Active,,,1,19.0
C1817,2026-04-22,2026-04-01,Premium,99,Nigeria,Partner,Completed,No,0,92.4,0,Active,,,1,99.0
C1818,2026-04-05,2026-04-01,Enterprise,249,Kenya,Referral,Completed,Yes,10,65.2,0,Active,,,1,224.1
C1819,2026-04-23,2026-04-01,Enterprise,249,Kenya,Paid Ads,Completed,Yes,20,100,0,Active,,,1,199.2
C1820,2026-04-04,2026-04-01,Standard,49,Nigeria,Organic Search,Completed,Yes,0,76.1,2,Active,,,1,49.0
C1821,2026-04-26,2026-04-01,Standard,49,South Africa,Referral,Not Started,No,0,43.2,0,Active,,,1,49.0
C1822,2026-04-18,2026-04-01,Basic,19,United Kingdom,Social Media,Completed,Yes,10,57.1,4,Active,,,1,17.1
C1823,2026-04-23,2026-04-01,Standard,49,Nigeria,Paid Ads,Partial,Yes,10,69.0,0,Active,,,1,44.1
C1824,2026-04-15,2026-04-01,Premium,99,United Kingdom,Organic Search,Completed,Yes,0,72.9,0,Active,,,1,99.0
C1825,2026-04-17,2026-04-01,Premium,99,South Africa,Partner,Completed,No,10,55.9,4,Active,,,1,89.1
C1826,2026-04-10,2026-04-01,Basic,19,United States,Social Media,Completed,No,10,33.4,1,Active,,,1,17.1
C1827,2026-04-04,2026-04-01,Basic,19,Kenya,Organic Search,Completed,Yes,20,41.2,1,Active,,,1,15.2
C1828,2026-04-09,2026-04-01,Basic,19,Kenya,Referral,Completed,Yes,0,61.4,3,Active,,,1,19.0
C1829,2026-04-14,2026-04-01,Basic,19,South Africa,Organic Search,Completed,Yes,0,53.3,1,Active,,,1,19.0
C1830,2026-04-21,2026-04-01,Standard,49,United Kingdom,Paid Ads,Completed,Yes,30,68.5,0,Active,,,1,34.3
C1831,2026-04-04,2026-04-01,Basic,19,Kenya,Organic Search,Completed,Yes,0,17.2,1,Active,,,1,19.0
C1832,2026-04-09,2026-04-01,Premium,99,South Africa,Social Media,Not Started,Yes,0,87.5,1,Active,,,1,99.0
C1833,2026-04-27,2026-04-01,Basic,19,United Kingdom,Organic Search,Completed,Yes,0,46.8,1,Active,,,1,19.0
C1834,2026-04-25,2026-04-01,Basic,19,South Africa,Organic Search,Partial,No,10,31.3,2,Active,,,1,17.1
C1835,2026-04-01,2026-04-01,Premium,99,Nigeria,Organic Search,Completed,Yes,10,59.0,0,Active,,,1,89.1
C1836,2026-04-25,2026-04-01,Premium,99,Kenya,Paid Ads,Partial,Yes,30,70.1,2,Active,,,1,69.3
C1837,2026-04-23,2026-04-01,Standard,49,South Africa,Paid Ads,Completed,No,30,82.3,0,Active,,,1,34.3
C1838,2026-04-24,2026-04-01,Basic,19,South Africa,Organic Search,Completed,Yes,0,44.5,2,Active,,,1,19.0
C1839,2026-04-22,2026-04-01,Premium,99,South Africa,Partner,Completed,Yes,30,40.9,0,Active,,,1,69.3
C1840,2026-04-27,2026-04-01,Standard,49,Nigeria,Referral,Partial,No,0,57.3,0,Active,,,1,49.0
C1841,2026-04-17,2026-04-01,Enterprise,249,United Kingdom,Social Media,Completed,Yes,30,75.9,0,Active,,,1,174.3
C1842,2026-04-05,2026-04-01,Premium,99,South Africa,Paid Ads,Completed,Yes,0,25.7,0,Active,,,1,99.0
C1843,2026-04-25,2026-04-01,Premium,99,South Africa,Paid Ads,Completed,Yes,0,79.3,0,Active,,,1,99.0
C1844,2026-04-21,2026-04-01,Basic,19,United States,Partner,Not Started,No,20,6.1,1,Churned,,,1,15.2
C1845,2026-04-04,2026-04-01,Basic,19,Nigeria,Organic Search,Completed,Yes,0,81.8,2,Active,,,1,19.0
C1846,2026-04-04,2026-04-01,Basic,19,Nigeria,Organic Search,Partial,Yes,10,45.8,2,Active,,,1,17.1
C1847,2026-04-09,2026-04-01,Basic,19,United States,Paid Ads,Partial,Yes,0,59.0,2,Active,,,1,19.0
C1848,2026-04-07,2026-04-01,Basic,19,United States,Organic Search,Completed,Yes,0,41.9,2,Active,,,1,19.0
C1849,2026-04-04,2026-04-01,Enterprise,249,United States,Partner,Partial,No,0,58.0,1,Active,,,1,249.0
C1850,2026-04-27,2026-04-01,Premium,99,Nigeria,Partner,Not Started,No,0,74.4,0,Active,,,1,99.0
C1851,2026-04-27,2026-04-01,Basic,19,Kenya,Organic Search,Partial,Yes,0,17.0,4,Active,,,1,19.0
C1852,2026-04-17,2026-04-01,Standard,49,South Africa,Organic Search,Completed,Yes,10,63.7,2,Active,,,1,44.1
C1853,2026-04-04,2026-04-01,Basic,19,Nigeria,Social Media,Completed,No,10,37.6,0,Active,,,1,17.1
C1854,2026-04-07,2026-04-01,Basic,19,South Africa,Organic Search,Completed,Yes,0,61.1,1,Active,,,1,19.0
C1855,2026-04-11,2026-04-01,Basic,19,Kenya,Organic Search,Completed,Yes,0,38.3,2,Active,,,1,19.0
